ISO-10303-21;
HEADER;
FILE_DESCRIPTION(('FreeCAD Model'),'2;1');
FILE_NAME('Open CASCADE Shape Model','2026-09-21T21:19:07',('Author'),(
    ''),'Open CASCADE STEP processor 7.8','FreeCAD','Unknown');
FILE_SCHEMA(('AUTOMOTIVE_DESIGN { 1 0 10303 214 1 1 1 1 }'));
ENDSEC;
DATA;
#1 = APPLICATION_PROTOCOL_DEFINITION('international standard',
  'automotive_design',2000,#2);
#2 = APPLICATION_CONTEXT(
  'core data for automotive mechanical design processes');
#3 = SHAPE_DEFINITION_REPRESENTATION(#4,#10);
#4 = PRODUCT_DEFINITION_SHAPE('','',#5);
#5 = PRODUCT_DEFINITION('design','',#6,#9);
#6 = PRODUCT_DEFINITION_FORMATION('','',#7);
#7 = PRODUCT('VibeDeck_Top','VibeDeck_Top','',(#8));
#8 = PRODUCT_CONTEXT('',#2,'mechanical');
#9 = PRODUCT_DEFINITION_CONTEXT('part definition',#2,'design');
#10 = ADVANCED_BREP_SHAPE_REPRESENTATION('',(#11,#15),#3116);
#11 = AXIS2_PLACEMENT_3D('',#12,#13,#14);
#12 = CARTESIAN_POINT('',(0.,0.,0.));
#13 = DIRECTION('',(0.,0.,1.));
#14 = DIRECTION('',(1.,0.,-0.));
#15 = MANIFOLD_SOLID_BREP('',#16);
#16 = CLOSED_SHELL('',(#17,#59,#90,#866,#898,#922,#947,#979,#1003,#1028,
    #1059,#1084,#1108,#1133,#1157,#1182,#1206,#1224,#1255,#1280,#1304,
    #1329,#1353,#1378,#1402,#1420,#1451,#1476,#1500,#1525,#1549,#1574,
    #1598,#1616,#1647,#1672,#1696,#1721,#1745,#1770,#1794,#1812,#1843,
    #1868,#1892,#1917,#1941,#1966,#1990,#2008,#2039,#2064,#2088,#2113,
    #2137,#2162,#2186,#2204,#2235,#2260,#2284,#2309,#2333,#2358,#2382,
    #2400,#2431,#2456,#2480,#2505,#2529,#2554,#2578,#2596,#2627,#2652,
    #2676,#2701,#2725,#2750,#2774,#2792,#2817,#2842,#2867,#2892,#2923,
    #2940,#2957,#2974,#2991));
#17 = ADVANCED_FACE('',(#18),#54,.T.);
#18 = FACE_BOUND('',#19,.T.);
#19 = EDGE_LOOP('',(#20,#31,#39,#48));
#20 = ORIENTED_EDGE('',*,*,#21,.T.);
#21 = EDGE_CURVE('',#22,#24,#26,.T.);
#22 = VERTEX_POINT('',#23);
#23 = CARTESIAN_POINT('',(65.067,33.225,1.5));
#24 = VERTEX_POINT('',#25);
#25 = CARTESIAN_POINT('',(70.067,28.225,1.5));
#26 = CIRCLE('',#27,5.);
#27 = AXIS2_PLACEMENT_3D('',#28,#29,#30);
#28 = CARTESIAN_POINT('',(65.067,28.225,1.5));
#29 = DIRECTION('',(0.,0.,-1.));
#30 = DIRECTION('',(0.707106781187,0.707106781187,0.));
#31 = ORIENTED_EDGE('',*,*,#32,.T.);
#32 = EDGE_CURVE('',#24,#33,#35,.T.);
#33 = VERTEX_POINT('',#34);
#34 = CARTESIAN_POINT('',(70.067,28.225,0.));
#35 = LINE('',#36,#37);
#36 = CARTESIAN_POINT('',(70.067,28.225,0.));
#37 = VECTOR('',#38,1.);
#38 = DIRECTION('',(0.,0.,-1.));
#39 = ORIENTED_EDGE('',*,*,#40,.T.);
#40 = EDGE_CURVE('',#33,#41,#43,.T.);
#41 = VERTEX_POINT('',#42);
#42 = CARTESIAN_POINT('',(65.067,33.225,0.));
#43 = CIRCLE('',#44,5.);
#44 = AXIS2_PLACEMENT_3D('',#45,#46,#47);
#45 = CARTESIAN_POINT('',(65.067,28.225,0.));
#46 = DIRECTION('',(0.,0.,1.));
#47 = DIRECTION('',(0.707106781187,0.707106781187,-0.));
#48 = ORIENTED_EDGE('',*,*,#49,.T.);
#49 = EDGE_CURVE('',#41,#22,#50,.T.);
#50 = LINE('',#51,#52);
#51 = CARTESIAN_POINT('',(65.067,33.225,0.));
#52 = VECTOR('',#53,1.);
#53 = DIRECTION('',(0.,0.,1.));
#54 = CYLINDRICAL_SURFACE('',#55,5.);
#55 = AXIS2_PLACEMENT_3D('',#56,#57,#58);
#56 = CARTESIAN_POINT('',(65.067,28.225,0.));
#57 = DIRECTION('',(0.,0.,1.));
#58 = DIRECTION('',(0.707106781187,0.707106781187,-0.));
#59 = ADVANCED_FACE('',(#60),#85,.T.);
#60 = FACE_BOUND('',#61,.T.);
#61 = EDGE_LOOP('',(#62,#63,#71,#79));
#62 = ORIENTED_EDGE('',*,*,#49,.F.);
#63 = ORIENTED_EDGE('',*,*,#64,.T.);
#64 = EDGE_CURVE('',#41,#65,#67,.T.);
#65 = VERTEX_POINT('',#66);
#66 = CARTESIAN_POINT('',(38.214,33.225,0.));
#67 = LINE('',#68,#69);
#68 = CARTESIAN_POINT('',(70.067,33.225,0.));
#69 = VECTOR('',#70,1.);
#70 = DIRECTION('',(-1.,-5.421474123156E-17,0.));
#71 = ORIENTED_EDGE('',*,*,#72,.T.);
#72 = EDGE_CURVE('',#65,#73,#75,.T.);
#73 = VERTEX_POINT('',#74);
#74 = CARTESIAN_POINT('',(38.214,33.225,1.5));
#75 = LINE('',#76,#77);
#76 = CARTESIAN_POINT('',(38.214,33.225,0.));
#77 = VECTOR('',#78,1.);
#78 = DIRECTION('',(0.,0.,1.));
#79 = ORIENTED_EDGE('',*,*,#80,.F.);
#80 = EDGE_CURVE('',#22,#73,#81,.T.);
#81 = LINE('',#82,#83);
#82 = CARTESIAN_POINT('',(70.067,33.225,1.5));
#83 = VECTOR('',#84,1.);
#84 = DIRECTION('',(-1.,-5.421474123156E-17,0.));
#85 = PLANE('',#86);
#86 = AXIS2_PLACEMENT_3D('',#87,#88,#89);
#87 = CARTESIAN_POINT('',(70.067,33.225,0.));
#88 = DIRECTION('',(-5.421474123156E-17,1.,0.));
#89 = DIRECTION('',(-1.,-5.421474123156E-17,0.));
#90 = ADVANCED_FACE('',(#91,#176,#187,#198,#209,#220,#290,#360,#430,#500
    ,#570,#640,#710,#780,#850),#861,.F.);
#91 = FACE_BOUND('',#92,.T.);
#92 = EDGE_LOOP('',(#93,#94,#102,#111,#119,#128,#136,#145,#153,#161,#169
    ,#175));
#93 = ORIENTED_EDGE('',*,*,#40,.F.);
#94 = ORIENTED_EDGE('',*,*,#95,.F.);
#95 = EDGE_CURVE('',#96,#33,#98,.T.);
#96 = VERTEX_POINT('',#97);
#97 = CARTESIAN_POINT('',(70.067,-63.996,0.));
#98 = LINE('',#99,#100);
#99 = CARTESIAN_POINT('',(70.067,-68.996,0.));
#100 = VECTOR('',#101,1.);
#101 = DIRECTION('',(0.,1.,0.));
#102 = ORIENTED_EDGE('',*,*,#103,.F.);
#103 = EDGE_CURVE('',#104,#96,#106,.T.);
#104 = VERTEX_POINT('',#105);
#105 = CARTESIAN_POINT('',(65.067,-68.996,0.));
#106 = CIRCLE('',#107,5.);
#107 = AXIS2_PLACEMENT_3D('',#108,#109,#110);
#108 = CARTESIAN_POINT('',(65.067,-63.996,0.));
#109 = DIRECTION('',(0.,0.,1.));
#110 = DIRECTION('',(0.707106781187,-0.707106781187,0.));
#111 = ORIENTED_EDGE('',*,*,#112,.F.);
#112 = EDGE_CURVE('',#113,#104,#115,.T.);
#113 = VERTEX_POINT('',#114);
#114 = CARTESIAN_POINT('',(-6.846,-68.996,0.));
#115 = LINE('',#116,#117);
#116 = CARTESIAN_POINT('',(-11.846,-68.996,0.));
#117 = VECTOR('',#118,1.);
#118 = DIRECTION('',(1.,0.,0.));
#119 = ORIENTED_EDGE('',*,*,#120,.F.);
#120 = EDGE_CURVE('',#121,#113,#123,.T.);
#121 = VERTEX_POINT('',#122);
#122 = CARTESIAN_POINT('',(-11.846,-63.996,0.));
#123 = CIRCLE('',#124,5.);
#124 = AXIS2_PLACEMENT_3D('',#125,#126,#127);
#125 = CARTESIAN_POINT('',(-6.846,-63.996,0.));
#126 = DIRECTION('',(0.,0.,1.));
#127 = DIRECTION('',(-0.707106781187,-0.707106781187,0.));
#128 = ORIENTED_EDGE('',*,*,#129,.F.);
#129 = EDGE_CURVE('',#130,#121,#132,.T.);
#130 = VERTEX_POINT('',#131);
#131 = CARTESIAN_POINT('',(-11.846,28.225,0.));
#132 = LINE('',#133,#134);
#133 = CARTESIAN_POINT('',(-11.846,33.225,0.));
#134 = VECTOR('',#135,1.);
#135 = DIRECTION('',(0.,-1.,0.));
#136 = ORIENTED_EDGE('',*,*,#137,.F.);
#137 = EDGE_CURVE('',#138,#130,#140,.T.);
#138 = VERTEX_POINT('',#139);
#139 = CARTESIAN_POINT('',(-6.846,33.225,0.));
#140 = CIRCLE('',#141,5.);
#141 = AXIS2_PLACEMENT_3D('',#142,#143,#144);
#142 = CARTESIAN_POINT('',(-6.846,28.225,0.));
#143 = DIRECTION('',(0.,0.,1.));
#144 = DIRECTION('',(-0.707106781187,0.707106781187,0.));
#145 = ORIENTED_EDGE('',*,*,#146,.F.);
#146 = EDGE_CURVE('',#147,#138,#149,.T.);
#147 = VERTEX_POINT('',#148);
#148 = CARTESIAN_POINT('',(19.714,33.225,0.));
#149 = LINE('',#150,#151);
#150 = CARTESIAN_POINT('',(70.067,33.225,0.));
#151 = VECTOR('',#152,1.);
#152 = DIRECTION('',(-1.,-5.421474123156E-17,0.));
#153 = ORIENTED_EDGE('',*,*,#154,.F.);
#154 = EDGE_CURVE('',#155,#147,#157,.T.);
#155 = VERTEX_POINT('',#156);
#156 = CARTESIAN_POINT('',(19.714,2.225,0.));
#157 = LINE('',#158,#159);
#158 = CARTESIAN_POINT('',(19.714,2.225,0.));
#159 = VECTOR('',#160,1.);
#160 = DIRECTION('',(0.,1.,0.));
#161 = ORIENTED_EDGE('',*,*,#162,.F.);
#162 = EDGE_CURVE('',#163,#155,#165,.T.);
#163 = VERTEX_POINT('',#164);
#164 = CARTESIAN_POINT('',(38.214,2.225,0.));
#165 = LINE('',#166,#167);
#166 = CARTESIAN_POINT('',(38.214,2.225,0.));
#167 = VECTOR('',#168,1.);
#168 = DIRECTION('',(-1.,6.001205538514E-17,0.));
#169 = ORIENTED_EDGE('',*,*,#170,.F.);
#170 = EDGE_CURVE('',#65,#163,#171,.T.);
#171 = LINE('',#172,#173);
#172 = CARTESIAN_POINT('',(38.214,33.225,0.));
#173 = VECTOR('',#174,1.);
#174 = DIRECTION('',(0.,-1.,0.));
#175 = ORIENTED_EDGE('',*,*,#64,.F.);
#176 = FACE_BOUND('',#177,.T.);
#177 = EDGE_LOOP('',(#178));
#178 = ORIENTED_EDGE('',*,*,#179,.F.);
#179 = EDGE_CURVE('',#180,#180,#182,.T.);
#180 = VERTEX_POINT('',#181);
#181 = CARTESIAN_POINT('',(-8.546,-63.996,0.));
#182 = CIRCLE('',#183,1.7);
#183 = AXIS2_PLACEMENT_3D('',#184,#185,#186);
#184 = CARTESIAN_POINT('',(-6.846,-63.996,0.));
#185 = DIRECTION('',(0.,0.,-1.));
#186 = DIRECTION('',(1.,0.,0.));
#187 = FACE_BOUND('',#188,.T.);
#188 = EDGE_LOOP('',(#189));
#189 = ORIENTED_EDGE('',*,*,#190,.F.);
#190 = EDGE_CURVE('',#191,#191,#193,.T.);
#191 = VERTEX_POINT('',#192);
#192 = CARTESIAN_POINT('',(63.367,-63.996,0.));
#193 = CIRCLE('',#194,1.7);
#194 = AXIS2_PLACEMENT_3D('',#195,#196,#197);
#195 = CARTESIAN_POINT('',(65.067,-63.996,0.));
#196 = DIRECTION('',(0.,0.,-1.));
#197 = DIRECTION('',(1.,0.,0.));
#198 = FACE_BOUND('',#199,.T.);
#199 = EDGE_LOOP('',(#200));
#200 = ORIENTED_EDGE('',*,*,#201,.F.);
#201 = EDGE_CURVE('',#202,#202,#204,.T.);
#202 = VERTEX_POINT('',#203);
#203 = CARTESIAN_POINT('',(63.367,28.225,0.));
#204 = CIRCLE('',#205,1.7);
#205 = AXIS2_PLACEMENT_3D('',#206,#207,#208);
#206 = CARTESIAN_POINT('',(65.067,28.225,0.));
#207 = DIRECTION('',(0.,0.,-1.));
#208 = DIRECTION('',(1.,0.,0.));
#209 = FACE_BOUND('',#210,.T.);
#210 = EDGE_LOOP('',(#211));
#211 = ORIENTED_EDGE('',*,*,#212,.F.);
#212 = EDGE_CURVE('',#213,#213,#215,.T.);
#213 = VERTEX_POINT('',#214);
#214 = CARTESIAN_POINT('',(-8.546,28.225,0.));
#215 = CIRCLE('',#216,1.7);
#216 = AXIS2_PLACEMENT_3D('',#217,#218,#219);
#217 = CARTESIAN_POINT('',(-6.846,28.225,0.));
#218 = DIRECTION('',(0.,0.,-1.));
#219 = DIRECTION('',(1.,0.,0.));
#220 = FACE_BOUND('',#221,.T.);
#221 = EDGE_LOOP('',(#222,#233,#241,#250,#258,#267,#275,#284));
#222 = ORIENTED_EDGE('',*,*,#223,.F.);
#223 = EDGE_CURVE('',#224,#226,#228,.T.);
#224 = VERTEX_POINT('',#225);
#225 = CARTESIAN_POINT('',(2.525,-41.125,0.));
#226 = VERTEX_POINT('',#227);
#227 = CARTESIAN_POINT('',(3.025,-40.625,0.));
#228 = CIRCLE('',#229,0.5);
#229 = AXIS2_PLACEMENT_3D('',#230,#231,#232);
#230 = CARTESIAN_POINT('',(3.025,-41.125,0.));
#231 = DIRECTION('',(0.,0.,-1.));
#232 = DIRECTION('',(0.,1.,0.));
#233 = ORIENTED_EDGE('',*,*,#234,.F.);
#234 = EDGE_CURVE('',#235,#224,#237,.T.);
#235 = VERTEX_POINT('',#236);
#236 = CARTESIAN_POINT('',(2.525,-54.125,0.));
#237 = LINE('',#238,#239);
#238 = CARTESIAN_POINT('',(2.525,-41.125,0.));
#239 = VECTOR('',#240,1.);
#240 = DIRECTION('',(0.,1.,0.));
#241 = ORIENTED_EDGE('',*,*,#242,.F.);
#242 = EDGE_CURVE('',#243,#235,#245,.T.);
#243 = VERTEX_POINT('',#244);
#244 = CARTESIAN_POINT('',(3.025,-54.625,0.));
#245 = CIRCLE('',#246,0.5);
#246 = AXIS2_PLACEMENT_3D('',#247,#248,#249);
#247 = CARTESIAN_POINT('',(3.025,-54.125,0.));
#248 = DIRECTION('',(0.,0.,-1.));
#249 = DIRECTION('',(-1.,0.,0.));
#250 = ORIENTED_EDGE('',*,*,#251,.F.);
#251 = EDGE_CURVE('',#252,#243,#254,.T.);
#252 = VERTEX_POINT('',#253);
#253 = CARTESIAN_POINT('',(16.025,-54.625,0.));
#254 = LINE('',#255,#256);
#255 = CARTESIAN_POINT('',(3.025,-54.625,0.));
#256 = VECTOR('',#257,1.);
#257 = DIRECTION('',(-1.,0.,0.));
#258 = ORIENTED_EDGE('',*,*,#259,.F.);
#259 = EDGE_CURVE('',#260,#252,#262,.T.);
#260 = VERTEX_POINT('',#261);
#261 = CARTESIAN_POINT('',(16.525,-54.125,0.));
#262 = CIRCLE('',#263,0.5);
#263 = AXIS2_PLACEMENT_3D('',#264,#265,#266);
#264 = CARTESIAN_POINT('',(16.025,-54.125,0.));
#265 = DIRECTION('',(0.,0.,-1.));
#266 = DIRECTION('',(0.,-1.,0.));
#267 = ORIENTED_EDGE('',*,*,#268,.F.);
#268 = EDGE_CURVE('',#269,#260,#271,.T.);
#269 = VERTEX_POINT('',#270);
#270 = CARTESIAN_POINT('',(16.525,-41.125,0.));
#271 = LINE('',#272,#273);
#272 = CARTESIAN_POINT('',(16.525,-41.125,0.));
#273 = VECTOR('',#274,1.);
#274 = DIRECTION('',(0.,-1.,0.));
#275 = ORIENTED_EDGE('',*,*,#276,.F.);
#276 = EDGE_CURVE('',#277,#269,#279,.T.);
#277 = VERTEX_POINT('',#278);
#278 = CARTESIAN_POINT('',(16.025,-40.625,0.));
#279 = CIRCLE('',#280,0.5);
#280 = AXIS2_PLACEMENT_3D('',#281,#282,#283);
#281 = CARTESIAN_POINT('',(16.025,-41.125,0.));
#282 = DIRECTION('',(0.,0.,-1.));
#283 = DIRECTION('',(1.,0.,0.));
#284 = ORIENTED_EDGE('',*,*,#285,.F.);
#285 = EDGE_CURVE('',#226,#277,#286,.T.);
#286 = LINE('',#287,#288);
#287 = CARTESIAN_POINT('',(3.025,-40.625,0.));
#288 = VECTOR('',#289,1.);
#289 = DIRECTION('',(1.,0.,0.));
#290 = FACE_BOUND('',#291,.T.);
#291 = EDGE_LOOP('',(#292,#303,#311,#320,#328,#337,#345,#354));
#292 = ORIENTED_EDGE('',*,*,#293,.F.);
#293 = EDGE_CURVE('',#294,#296,#298,.T.);
#294 = VERTEX_POINT('',#295);
#295 = CARTESIAN_POINT('',(54.125,-40.625,0.));
#296 = VERTEX_POINT('',#297);
#297 = CARTESIAN_POINT('',(54.625,-41.125,0.));
#298 = CIRCLE('',#299,0.5);
#299 = AXIS2_PLACEMENT_3D('',#300,#301,#302);
#300 = CARTESIAN_POINT('',(54.125,-41.125,0.));
#301 = DIRECTION('',(0.,0.,-1.));
#302 = DIRECTION('',(1.,0.,0.));
#303 = ORIENTED_EDGE('',*,*,#304,.F.);
#304 = EDGE_CURVE('',#305,#294,#307,.T.);
#305 = VERTEX_POINT('',#306);
#306 = CARTESIAN_POINT('',(41.125,-40.625,0.));
#307 = LINE('',#308,#309);
#308 = CARTESIAN_POINT('',(54.125,-40.625,0.));
#309 = VECTOR('',#310,1.);
#310 = DIRECTION('',(1.,0.,0.));
#311 = ORIENTED_EDGE('',*,*,#312,.F.);
#312 = EDGE_CURVE('',#313,#305,#315,.T.);
#313 = VERTEX_POINT('',#314);
#314 = CARTESIAN_POINT('',(40.625,-41.125,0.));
#315 = CIRCLE('',#316,0.5);
#316 = AXIS2_PLACEMENT_3D('',#317,#318,#319);
#317 = CARTESIAN_POINT('',(41.125,-41.125,0.));
#318 = DIRECTION('',(0.,0.,-1.));
#319 = DIRECTION('',(0.,1.,0.));
#320 = ORIENTED_EDGE('',*,*,#321,.F.);
#321 = EDGE_CURVE('',#322,#313,#324,.T.);
#322 = VERTEX_POINT('',#323);
#323 = CARTESIAN_POINT('',(40.625,-54.125,0.));
#324 = LINE('',#325,#326);
#325 = CARTESIAN_POINT('',(40.625,-41.125,0.));
#326 = VECTOR('',#327,1.);
#327 = DIRECTION('',(0.,1.,0.));
#328 = ORIENTED_EDGE('',*,*,#329,.F.);
#329 = EDGE_CURVE('',#330,#322,#332,.T.);
#330 = VERTEX_POINT('',#331);
#331 = CARTESIAN_POINT('',(41.125,-54.625,0.));
#332 = CIRCLE('',#333,0.5);
#333 = AXIS2_PLACEMENT_3D('',#334,#335,#336);
#334 = CARTESIAN_POINT('',(41.125,-54.125,0.));
#335 = DIRECTION('',(0.,0.,-1.));
#336 = DIRECTION('',(-1.,0.,0.));
#337 = ORIENTED_EDGE('',*,*,#338,.F.);
#338 = EDGE_CURVE('',#339,#330,#341,.T.);
#339 = VERTEX_POINT('',#340);
#340 = CARTESIAN_POINT('',(54.125,-54.625,0.));
#341 = LINE('',#342,#343);
#342 = CARTESIAN_POINT('',(54.125,-54.625,0.));
#343 = VECTOR('',#344,1.);
#344 = DIRECTION('',(-1.,0.,0.));
#345 = ORIENTED_EDGE('',*,*,#346,.F.);
#346 = EDGE_CURVE('',#347,#339,#349,.T.);
#347 = VERTEX_POINT('',#348);
#348 = CARTESIAN_POINT('',(54.625,-54.125,0.));
#349 = CIRCLE('',#350,0.5);
#350 = AXIS2_PLACEMENT_3D('',#351,#352,#353);
#351 = CARTESIAN_POINT('',(54.125,-54.125,0.));
#352 = DIRECTION('',(0.,0.,-1.));
#353 = DIRECTION('',(0.,-1.,0.));
#354 = ORIENTED_EDGE('',*,*,#355,.F.);
#355 = EDGE_CURVE('',#296,#347,#356,.T.);
#356 = LINE('',#357,#358);
#357 = CARTESIAN_POINT('',(54.625,-41.125,0.));
#358 = VECTOR('',#359,1.);
#359 = DIRECTION('',(0.,-1.,0.));
#360 = FACE_BOUND('',#361,.T.);
#361 = EDGE_LOOP('',(#362,#373,#381,#390,#398,#407,#415,#424));
#362 = ORIENTED_EDGE('',*,*,#363,.F.);
#363 = EDGE_CURVE('',#364,#366,#368,.T.);
#364 = VERTEX_POINT('',#365);
#365 = CARTESIAN_POINT('',(2.525,-22.075,0.));
#366 = VERTEX_POINT('',#367);
#367 = CARTESIAN_POINT('',(3.025,-21.575,0.));
#368 = CIRCLE('',#369,0.5);
#369 = AXIS2_PLACEMENT_3D('',#370,#371,#372);
#370 = CARTESIAN_POINT('',(3.025,-22.075,0.));
#371 = DIRECTION('',(0.,0.,-1.));
#372 = DIRECTION('',(0.,1.,0.));
#373 = ORIENTED_EDGE('',*,*,#374,.F.);
#374 = EDGE_CURVE('',#375,#364,#377,.T.);
#375 = VERTEX_POINT('',#376);
#376 = CARTESIAN_POINT('',(2.525,-35.075,0.));
#377 = LINE('',#378,#379);
#378 = CARTESIAN_POINT('',(2.525,-22.075,0.));
#379 = VECTOR('',#380,1.);
#380 = DIRECTION('',(0.,1.,0.));
#381 = ORIENTED_EDGE('',*,*,#382,.F.);
#382 = EDGE_CURVE('',#383,#375,#385,.T.);
#383 = VERTEX_POINT('',#384);
#384 = CARTESIAN_POINT('',(3.025,-35.575,0.));
#385 = CIRCLE('',#386,0.5);
#386 = AXIS2_PLACEMENT_3D('',#387,#388,#389);
#387 = CARTESIAN_POINT('',(3.025,-35.075,0.));
#388 = DIRECTION('',(0.,0.,-1.));
#389 = DIRECTION('',(-1.,0.,0.));
#390 = ORIENTED_EDGE('',*,*,#391,.F.);
#391 = EDGE_CURVE('',#392,#383,#394,.T.);
#392 = VERTEX_POINT('',#393);
#393 = CARTESIAN_POINT('',(16.025,-35.575,0.));
#394 = LINE('',#395,#396);
#395 = CARTESIAN_POINT('',(3.025,-35.575,0.));
#396 = VECTOR('',#397,1.);
#397 = DIRECTION('',(-1.,0.,0.));
#398 = ORIENTED_EDGE('',*,*,#399,.F.);
#399 = EDGE_CURVE('',#400,#392,#402,.T.);
#400 = VERTEX_POINT('',#401);
#401 = CARTESIAN_POINT('',(16.525,-35.075,0.));
#402 = CIRCLE('',#403,0.5);
#403 = AXIS2_PLACEMENT_3D('',#404,#405,#406);
#404 = CARTESIAN_POINT('',(16.025,-35.075,0.));
#405 = DIRECTION('',(0.,0.,-1.));
#406 = DIRECTION('',(0.,-1.,0.));
#407 = ORIENTED_EDGE('',*,*,#408,.F.);
#408 = EDGE_CURVE('',#409,#400,#411,.T.);
#409 = VERTEX_POINT('',#410);
#410 = CARTESIAN_POINT('',(16.525,-22.075,0.));
#411 = LINE('',#412,#413);
#412 = CARTESIAN_POINT('',(16.525,-22.075,0.));
#413 = VECTOR('',#414,1.);
#414 = DIRECTION('',(0.,-1.,0.));
#415 = ORIENTED_EDGE('',*,*,#416,.F.);
#416 = EDGE_CURVE('',#417,#409,#419,.T.);
#417 = VERTEX_POINT('',#418);
#418 = CARTESIAN_POINT('',(16.025,-21.575,0.));
#419 = CIRCLE('',#420,0.5);
#420 = AXIS2_PLACEMENT_3D('',#421,#422,#423);
#421 = CARTESIAN_POINT('',(16.025,-22.075,0.));
#422 = DIRECTION('',(0.,0.,-1.));
#423 = DIRECTION('',(1.,0.,0.));
#424 = ORIENTED_EDGE('',*,*,#425,.F.);
#425 = EDGE_CURVE('',#366,#417,#426,.T.);
#426 = LINE('',#427,#428);
#427 = CARTESIAN_POINT('',(3.025,-21.575,0.));
#428 = VECTOR('',#429,1.);
#429 = DIRECTION('',(1.,0.,0.));
#430 = FACE_BOUND('',#431,.T.);
#431 = EDGE_LOOP('',(#432,#443,#451,#460,#468,#477,#485,#494));
#432 = ORIENTED_EDGE('',*,*,#433,.F.);
#433 = EDGE_CURVE('',#434,#436,#438,.T.);
#434 = VERTEX_POINT('',#435);
#435 = CARTESIAN_POINT('',(2.525,-3.025,0.));
#436 = VERTEX_POINT('',#437);
#437 = CARTESIAN_POINT('',(3.025,-2.525,0.));
#438 = CIRCLE('',#439,0.5);
#439 = AXIS2_PLACEMENT_3D('',#440,#441,#442);
#440 = CARTESIAN_POINT('',(3.025,-3.025,0.));
#441 = DIRECTION('',(0.,0.,-1.));
#442 = DIRECTION('',(0.,1.,0.));
#443 = ORIENTED_EDGE('',*,*,#444,.F.);
#444 = EDGE_CURVE('',#445,#434,#447,.T.);
#445 = VERTEX_POINT('',#446);
#446 = CARTESIAN_POINT('',(2.525,-16.025,0.));
#447 = LINE('',#448,#449);
#448 = CARTESIAN_POINT('',(2.525,-3.025,0.));
#449 = VECTOR('',#450,1.);
#450 = DIRECTION('',(0.,1.,0.));
#451 = ORIENTED_EDGE('',*,*,#452,.F.);
#452 = EDGE_CURVE('',#453,#445,#455,.T.);
#453 = VERTEX_POINT('',#454);
#454 = CARTESIAN_POINT('',(3.025,-16.525,0.));
#455 = CIRCLE('',#456,0.5);
#456 = AXIS2_PLACEMENT_3D('',#457,#458,#459);
#457 = CARTESIAN_POINT('',(3.025,-16.025,0.));
#458 = DIRECTION('',(0.,0.,-1.));
#459 = DIRECTION('',(-1.,0.,0.));
#460 = ORIENTED_EDGE('',*,*,#461,.F.);
#461 = EDGE_CURVE('',#462,#453,#464,.T.);
#462 = VERTEX_POINT('',#463);
#463 = CARTESIAN_POINT('',(16.025,-16.525,0.));
#464 = LINE('',#465,#466);
#465 = CARTESIAN_POINT('',(3.025,-16.525,0.));
#466 = VECTOR('',#467,1.);
#467 = DIRECTION('',(-1.,0.,0.));
#468 = ORIENTED_EDGE('',*,*,#469,.F.);
#469 = EDGE_CURVE('',#470,#462,#472,.T.);
#470 = VERTEX_POINT('',#471);
#471 = CARTESIAN_POINT('',(16.525,-16.025,0.));
#472 = CIRCLE('',#473,0.5);
#473 = AXIS2_PLACEMENT_3D('',#474,#475,#476);
#474 = CARTESIAN_POINT('',(16.025,-16.025,0.));
#475 = DIRECTION('',(0.,0.,-1.));
#476 = DIRECTION('',(0.,-1.,0.));
#477 = ORIENTED_EDGE('',*,*,#478,.F.);
#478 = EDGE_CURVE('',#479,#470,#481,.T.);
#479 = VERTEX_POINT('',#480);
#480 = CARTESIAN_POINT('',(16.525,-3.025,0.));
#481 = LINE('',#482,#483);
#482 = CARTESIAN_POINT('',(16.525,-3.025,0.));
#483 = VECTOR('',#484,1.);
#484 = DIRECTION('',(0.,-1.,0.));
#485 = ORIENTED_EDGE('',*,*,#486,.F.);
#486 = EDGE_CURVE('',#487,#479,#489,.T.);
#487 = VERTEX_POINT('',#488);
#488 = CARTESIAN_POINT('',(16.025,-2.525,0.));
#489 = CIRCLE('',#490,0.5);
#490 = AXIS2_PLACEMENT_3D('',#491,#492,#493);
#491 = CARTESIAN_POINT('',(16.025,-3.025,0.));
#492 = DIRECTION('',(0.,0.,-1.));
#493 = DIRECTION('',(1.,0.,0.));
#494 = ORIENTED_EDGE('',*,*,#495,.F.);
#495 = EDGE_CURVE('',#436,#487,#496,.T.);
#496 = LINE('',#497,#498);
#497 = CARTESIAN_POINT('',(3.025,-2.525,0.));
#498 = VECTOR('',#499,1.);
#499 = DIRECTION('',(1.,0.,0.));
#500 = FACE_BOUND('',#501,.T.);
#501 = EDGE_LOOP('',(#502,#513,#521,#530,#538,#547,#555,#564));
#502 = ORIENTED_EDGE('',*,*,#503,.F.);
#503 = EDGE_CURVE('',#504,#506,#508,.T.);
#504 = VERTEX_POINT('',#505);
#505 = CARTESIAN_POINT('',(40.625,-3.025,0.));
#506 = VERTEX_POINT('',#507);
#507 = CARTESIAN_POINT('',(41.125,-2.525,0.));
#508 = CIRCLE('',#509,0.5);
#509 = AXIS2_PLACEMENT_3D('',#510,#511,#512);
#510 = CARTESIAN_POINT('',(41.125,-3.025,0.));
#511 = DIRECTION('',(0.,0.,-1.));
#512 = DIRECTION('',(0.,1.,0.));
#513 = ORIENTED_EDGE('',*,*,#514,.F.);
#514 = EDGE_CURVE('',#515,#504,#517,.T.);
#515 = VERTEX_POINT('',#516);
#516 = CARTESIAN_POINT('',(40.625,-16.025,0.));
#517 = LINE('',#518,#519);
#518 = CARTESIAN_POINT('',(40.625,-3.025,0.));
#519 = VECTOR('',#520,1.);
#520 = DIRECTION('',(0.,1.,0.));
#521 = ORIENTED_EDGE('',*,*,#522,.F.);
#522 = EDGE_CURVE('',#523,#515,#525,.T.);
#523 = VERTEX_POINT('',#524);
#524 = CARTESIAN_POINT('',(41.125,-16.525,0.));
#525 = CIRCLE('',#526,0.5);
#526 = AXIS2_PLACEMENT_3D('',#527,#528,#529);
#527 = CARTESIAN_POINT('',(41.125,-16.025,0.));
#528 = DIRECTION('',(0.,0.,-1.));
#529 = DIRECTION('',(-1.,0.,0.));
#530 = ORIENTED_EDGE('',*,*,#531,.F.);
#531 = EDGE_CURVE('',#532,#523,#534,.T.);
#532 = VERTEX_POINT('',#533);
#533 = CARTESIAN_POINT('',(54.125,-16.525,0.));
#534 = LINE('',#535,#536);
#535 = CARTESIAN_POINT('',(41.125,-16.525,0.));
#536 = VECTOR('',#537,1.);
#537 = DIRECTION('',(-1.,0.,0.));
#538 = ORIENTED_EDGE('',*,*,#539,.F.);
#539 = EDGE_CURVE('',#540,#532,#542,.T.);
#540 = VERTEX_POINT('',#541);
#541 = CARTESIAN_POINT('',(54.625,-16.025,0.));
#542 = CIRCLE('',#543,0.5);
#543 = AXIS2_PLACEMENT_3D('',#544,#545,#546);
#544 = CARTESIAN_POINT('',(54.125,-16.025,0.));
#545 = DIRECTION('',(0.,0.,-1.));
#546 = DIRECTION('',(0.,-1.,0.));
#547 = ORIENTED_EDGE('',*,*,#548,.F.);
#548 = EDGE_CURVE('',#549,#540,#551,.T.);
#549 = VERTEX_POINT('',#550);
#550 = CARTESIAN_POINT('',(54.625,-3.025,0.));
#551 = LINE('',#552,#553);
#552 = CARTESIAN_POINT('',(54.625,-3.025,0.));
#553 = VECTOR('',#554,1.);
#554 = DIRECTION('',(0.,-1.,0.));
#555 = ORIENTED_EDGE('',*,*,#556,.F.);
#556 = EDGE_CURVE('',#557,#549,#559,.T.);
#557 = VERTEX_POINT('',#558);
#558 = CARTESIAN_POINT('',(54.125,-2.525,0.));
#559 = CIRCLE('',#560,0.5);
#560 = AXIS2_PLACEMENT_3D('',#561,#562,#563);
#561 = CARTESIAN_POINT('',(54.125,-3.025,0.));
#562 = DIRECTION('',(0.,0.,-1.));
#563 = DIRECTION('',(1.,0.,0.));
#564 = ORIENTED_EDGE('',*,*,#565,.F.);
#565 = EDGE_CURVE('',#506,#557,#566,.T.);
#566 = LINE('',#567,#568);
#567 = CARTESIAN_POINT('',(41.125,-2.525,0.));
#568 = VECTOR('',#569,1.);
#569 = DIRECTION('',(1.,0.,0.));
#570 = FACE_BOUND('',#571,.T.);
#571 = EDGE_LOOP('',(#572,#583,#591,#600,#608,#617,#625,#634));
#572 = ORIENTED_EDGE('',*,*,#573,.F.);
#573 = EDGE_CURVE('',#574,#576,#578,.T.);
#574 = VERTEX_POINT('',#575);
#575 = CARTESIAN_POINT('',(21.575,-22.075,0.));
#576 = VERTEX_POINT('',#577);
#577 = CARTESIAN_POINT('',(22.075,-21.575,0.));
#578 = CIRCLE('',#579,0.5);
#579 = AXIS2_PLACEMENT_3D('',#580,#581,#582);
#580 = CARTESIAN_POINT('',(22.075,-22.075,0.));
#581 = DIRECTION('',(0.,0.,-1.));
#582 = DIRECTION('',(0.,1.,0.));
#583 = ORIENTED_EDGE('',*,*,#584,.F.);
#584 = EDGE_CURVE('',#585,#574,#587,.T.);
#585 = VERTEX_POINT('',#586);
#586 = CARTESIAN_POINT('',(21.575,-35.075,0.));
#587 = LINE('',#588,#589);
#588 = CARTESIAN_POINT('',(21.575,-22.075,0.));
#589 = VECTOR('',#590,1.);
#590 = DIRECTION('',(0.,1.,0.));
#591 = ORIENTED_EDGE('',*,*,#592,.F.);
#592 = EDGE_CURVE('',#593,#585,#595,.T.);
#593 = VERTEX_POINT('',#594);
#594 = CARTESIAN_POINT('',(22.075,-35.575,0.));
#595 = CIRCLE('',#596,0.5);
#596 = AXIS2_PLACEMENT_3D('',#597,#598,#599);
#597 = CARTESIAN_POINT('',(22.075,-35.075,0.));
#598 = DIRECTION('',(0.,0.,-1.));
#599 = DIRECTION('',(-1.,0.,0.));
#600 = ORIENTED_EDGE('',*,*,#601,.F.);
#601 = EDGE_CURVE('',#602,#593,#604,.T.);
#602 = VERTEX_POINT('',#603);
#603 = CARTESIAN_POINT('',(35.075,-35.575,0.));
#604 = LINE('',#605,#606);
#605 = CARTESIAN_POINT('',(22.075,-35.575,0.));
#606 = VECTOR('',#607,1.);
#607 = DIRECTION('',(-1.,0.,0.));
#608 = ORIENTED_EDGE('',*,*,#609,.F.);
#609 = EDGE_CURVE('',#610,#602,#612,.T.);
#610 = VERTEX_POINT('',#611);
#611 = CARTESIAN_POINT('',(35.575,-35.075,0.));
#612 = CIRCLE('',#613,0.5);
#613 = AXIS2_PLACEMENT_3D('',#614,#615,#616);
#614 = CARTESIAN_POINT('',(35.075,-35.075,0.));
#615 = DIRECTION('',(0.,0.,-1.));
#616 = DIRECTION('',(0.,-1.,0.));
#617 = ORIENTED_EDGE('',*,*,#618,.F.);
#618 = EDGE_CURVE('',#619,#610,#621,.T.);
#619 = VERTEX_POINT('',#620);
#620 = CARTESIAN_POINT('',(35.575,-22.075,0.));
#621 = LINE('',#622,#623);
#622 = CARTESIAN_POINT('',(35.575,-22.075,0.));
#623 = VECTOR('',#624,1.);
#624 = DIRECTION('',(0.,-1.,0.));
#625 = ORIENTED_EDGE('',*,*,#626,.F.);
#626 = EDGE_CURVE('',#627,#619,#629,.T.);
#627 = VERTEX_POINT('',#628);
#628 = CARTESIAN_POINT('',(35.075,-21.575,0.));
#629 = CIRCLE('',#630,0.5);
#630 = AXIS2_PLACEMENT_3D('',#631,#632,#633);
#631 = CARTESIAN_POINT('',(35.075,-22.075,0.));
#632 = DIRECTION('',(0.,0.,-1.));
#633 = DIRECTION('',(1.,0.,0.));
#634 = ORIENTED_EDGE('',*,*,#635,.F.);
#635 = EDGE_CURVE('',#576,#627,#636,.T.);
#636 = LINE('',#637,#638);
#637 = CARTESIAN_POINT('',(22.075,-21.575,0.));
#638 = VECTOR('',#639,1.);
#639 = DIRECTION('',(1.,0.,0.));
#640 = FACE_BOUND('',#641,.T.);
#641 = EDGE_LOOP('',(#642,#653,#661,#670,#678,#687,#695,#704));
#642 = ORIENTED_EDGE('',*,*,#643,.F.);
#643 = EDGE_CURVE('',#644,#646,#648,.T.);
#644 = VERTEX_POINT('',#645);
#645 = CARTESIAN_POINT('',(40.625,-22.075,0.));
#646 = VERTEX_POINT('',#647);
#647 = CARTESIAN_POINT('',(41.125,-21.575,0.));
#648 = CIRCLE('',#649,0.5);
#649 = AXIS2_PLACEMENT_3D('',#650,#651,#652);
#650 = CARTESIAN_POINT('',(41.125,-22.075,0.));
#651 = DIRECTION('',(0.,0.,-1.));
#652 = DIRECTION('',(0.,1.,0.));
#653 = ORIENTED_EDGE('',*,*,#654,.F.);
#654 = EDGE_CURVE('',#655,#644,#657,.T.);
#655 = VERTEX_POINT('',#656);
#656 = CARTESIAN_POINT('',(40.625,-35.075,0.));
#657 = LINE('',#658,#659);
#658 = CARTESIAN_POINT('',(40.625,-22.075,0.));
#659 = VECTOR('',#660,1.);
#660 = DIRECTION('',(0.,1.,0.));
#661 = ORIENTED_EDGE('',*,*,#662,.F.);
#662 = EDGE_CURVE('',#663,#655,#665,.T.);
#663 = VERTEX_POINT('',#664);
#664 = CARTESIAN_POINT('',(41.125,-35.575,0.));
#665 = CIRCLE('',#666,0.5);
#666 = AXIS2_PLACEMENT_3D('',#667,#668,#669);
#667 = CARTESIAN_POINT('',(41.125,-35.075,0.));
#668 = DIRECTION('',(0.,0.,-1.));
#669 = DIRECTION('',(-1.,0.,0.));
#670 = ORIENTED_EDGE('',*,*,#671,.F.);
#671 = EDGE_CURVE('',#672,#663,#674,.T.);
#672 = VERTEX_POINT('',#673);
#673 = CARTESIAN_POINT('',(54.125,-35.575,0.));
#674 = LINE('',#675,#676);
#675 = CARTESIAN_POINT('',(41.125,-35.575,0.));
#676 = VECTOR('',#677,1.);
#677 = DIRECTION('',(-1.,0.,0.));
#678 = ORIENTED_EDGE('',*,*,#679,.F.);
#679 = EDGE_CURVE('',#680,#672,#682,.T.);
#680 = VERTEX_POINT('',#681);
#681 = CARTESIAN_POINT('',(54.625,-35.075,0.));
#682 = CIRCLE('',#683,0.5);
#683 = AXIS2_PLACEMENT_3D('',#684,#685,#686);
#684 = CARTESIAN_POINT('',(54.125,-35.075,0.));
#685 = DIRECTION('',(0.,0.,-1.));
#686 = DIRECTION('',(0.,-1.,0.));
#687 = ORIENTED_EDGE('',*,*,#688,.F.);
#688 = EDGE_CURVE('',#689,#680,#691,.T.);
#689 = VERTEX_POINT('',#690);
#690 = CARTESIAN_POINT('',(54.625,-22.075,0.));
#691 = LINE('',#692,#693);
#692 = CARTESIAN_POINT('',(54.625,-22.075,0.));
#693 = VECTOR('',#694,1.);
#694 = DIRECTION('',(0.,-1.,0.));
#695 = ORIENTED_EDGE('',*,*,#696,.F.);
#696 = EDGE_CURVE('',#697,#689,#699,.T.);
#697 = VERTEX_POINT('',#698);
#698 = CARTESIAN_POINT('',(54.125,-21.575,0.));
#699 = CIRCLE('',#700,0.5);
#700 = AXIS2_PLACEMENT_3D('',#701,#702,#703);
#701 = CARTESIAN_POINT('',(54.125,-22.075,0.));
#702 = DIRECTION('',(0.,0.,-1.));
#703 = DIRECTION('',(1.,0.,0.));
#704 = ORIENTED_EDGE('',*,*,#705,.F.);
#705 = EDGE_CURVE('',#646,#697,#706,.T.);
#706 = LINE('',#707,#708);
#707 = CARTESIAN_POINT('',(41.125,-21.575,0.));
#708 = VECTOR('',#709,1.);
#709 = DIRECTION('',(1.,0.,0.));
#710 = FACE_BOUND('',#711,.T.);
#711 = EDGE_LOOP('',(#712,#723,#731,#740,#748,#757,#765,#774));
#712 = ORIENTED_EDGE('',*,*,#713,.F.);
#713 = EDGE_CURVE('',#714,#716,#718,.T.);
#714 = VERTEX_POINT('',#715);
#715 = CARTESIAN_POINT('',(21.575,-3.025,0.));
#716 = VERTEX_POINT('',#717);
#717 = CARTESIAN_POINT('',(22.075,-2.525,0.));
#718 = CIRCLE('',#719,0.5);
#719 = AXIS2_PLACEMENT_3D('',#720,#721,#722);
#720 = CARTESIAN_POINT('',(22.075,-3.025,0.));
#721 = DIRECTION('',(0.,0.,-1.));
#722 = DIRECTION('',(0.,1.,0.));
#723 = ORIENTED_EDGE('',*,*,#724,.F.);
#724 = EDGE_CURVE('',#725,#714,#727,.T.);
#725 = VERTEX_POINT('',#726);
#726 = CARTESIAN_POINT('',(21.575,-16.025,0.));
#727 = LINE('',#728,#729);
#728 = CARTESIAN_POINT('',(21.575,-3.025,0.));
#729 = VECTOR('',#730,1.);
#730 = DIRECTION('',(0.,1.,0.));
#731 = ORIENTED_EDGE('',*,*,#732,.F.);
#732 = EDGE_CURVE('',#733,#725,#735,.T.);
#733 = VERTEX_POINT('',#734);
#734 = CARTESIAN_POINT('',(22.075,-16.525,0.));
#735 = CIRCLE('',#736,0.5);
#736 = AXIS2_PLACEMENT_3D('',#737,#738,#739);
#737 = CARTESIAN_POINT('',(22.075,-16.025,0.));
#738 = DIRECTION('',(0.,0.,-1.));
#739 = DIRECTION('',(-1.,0.,0.));
#740 = ORIENTED_EDGE('',*,*,#741,.F.);
#741 = EDGE_CURVE('',#742,#733,#744,.T.);
#742 = VERTEX_POINT('',#743);
#743 = CARTESIAN_POINT('',(35.075,-16.525,0.));
#744 = LINE('',#745,#746);
#745 = CARTESIAN_POINT('',(22.075,-16.525,0.));
#746 = VECTOR('',#747,1.);
#747 = DIRECTION('',(-1.,0.,0.));
#748 = ORIENTED_EDGE('',*,*,#749,.F.);
#749 = EDGE_CURVE('',#750,#742,#752,.T.);
#750 = VERTEX_POINT('',#751);
#751 = CARTESIAN_POINT('',(35.575,-16.025,0.));
#752 = CIRCLE('',#753,0.5);
#753 = AXIS2_PLACEMENT_3D('',#754,#755,#756);
#754 = CARTESIAN_POINT('',(35.075,-16.025,0.));
#755 = DIRECTION('',(0.,0.,-1.));
#756 = DIRECTION('',(0.,-1.,0.));
#757 = ORIENTED_EDGE('',*,*,#758,.F.);
#758 = EDGE_CURVE('',#759,#750,#761,.T.);
#759 = VERTEX_POINT('',#760);
#760 = CARTESIAN_POINT('',(35.575,-3.025,0.));
#761 = LINE('',#762,#763);
#762 = CARTESIAN_POINT('',(35.575,-3.025,0.));
#763 = VECTOR('',#764,1.);
#764 = DIRECTION('',(0.,-1.,0.));
#765 = ORIENTED_EDGE('',*,*,#766,.F.);
#766 = EDGE_CURVE('',#767,#759,#769,.T.);
#767 = VERTEX_POINT('',#768);
#768 = CARTESIAN_POINT('',(35.075,-2.525,0.));
#769 = CIRCLE('',#770,0.5);
#770 = AXIS2_PLACEMENT_3D('',#771,#772,#773);
#771 = CARTESIAN_POINT('',(35.075,-3.025,0.));
#772 = DIRECTION('',(0.,0.,-1.));
#773 = DIRECTION('',(1.,0.,0.));
#774 = ORIENTED_EDGE('',*,*,#775,.F.);
#775 = EDGE_CURVE('',#716,#767,#776,.T.);
#776 = LINE('',#777,#778);
#777 = CARTESIAN_POINT('',(22.075,-2.525,0.));
#778 = VECTOR('',#779,1.);
#779 = DIRECTION('',(1.,0.,0.));
#780 = FACE_BOUND('',#781,.T.);
#781 = EDGE_LOOP('',(#782,#793,#801,#810,#818,#827,#835,#844));
#782 = ORIENTED_EDGE('',*,*,#783,.F.);
#783 = EDGE_CURVE('',#784,#786,#788,.T.);
#784 = VERTEX_POINT('',#785);
#785 = CARTESIAN_POINT('',(21.575,-41.125,0.));
#786 = VERTEX_POINT('',#787);
#787 = CARTESIAN_POINT('',(22.075,-40.625,0.));
#788 = CIRCLE('',#789,0.5);
#789 = AXIS2_PLACEMENT_3D('',#790,#791,#792);
#790 = CARTESIAN_POINT('',(22.075,-41.125,0.));
#791 = DIRECTION('',(0.,0.,-1.));
#792 = DIRECTION('',(0.,1.,0.));
#793 = ORIENTED_EDGE('',*,*,#794,.F.);
#794 = EDGE_CURVE('',#795,#784,#797,.T.);
#795 = VERTEX_POINT('',#796);
#796 = CARTESIAN_POINT('',(21.575,-54.125,0.));
#797 = LINE('',#798,#799);
#798 = CARTESIAN_POINT('',(21.575,-41.125,0.));
#799 = VECTOR('',#800,1.);
#800 = DIRECTION('',(0.,1.,0.));
#801 = ORIENTED_EDGE('',*,*,#802,.F.);
#802 = EDGE_CURVE('',#803,#795,#805,.T.);
#803 = VERTEX_POINT('',#804);
#804 = CARTESIAN_POINT('',(22.075,-54.625,0.));
#805 = CIRCLE('',#806,0.5);
#806 = AXIS2_PLACEMENT_3D('',#807,#808,#809);
#807 = CARTESIAN_POINT('',(22.075,-54.125,0.));
#808 = DIRECTION('',(0.,0.,-1.));
#809 = DIRECTION('',(-1.,0.,0.));
#810 = ORIENTED_EDGE('',*,*,#811,.F.);
#811 = EDGE_CURVE('',#812,#803,#814,.T.);
#812 = VERTEX_POINT('',#813);
#813 = CARTESIAN_POINT('',(35.075,-54.625,0.));
#814 = LINE('',#815,#816);
#815 = CARTESIAN_POINT('',(22.075,-54.625,0.));
#816 = VECTOR('',#817,1.);
#817 = DIRECTION('',(-1.,0.,0.));
#818 = ORIENTED_EDGE('',*,*,#819,.F.);
#819 = EDGE_CURVE('',#820,#812,#822,.T.);
#820 = VERTEX_POINT('',#821);
#821 = CARTESIAN_POINT('',(35.575,-54.125,0.));
#822 = CIRCLE('',#823,0.5);
#823 = AXIS2_PLACEMENT_3D('',#824,#825,#826);
#824 = CARTESIAN_POINT('',(35.075,-54.125,0.));
#825 = DIRECTION('',(0.,0.,-1.));
#826 = DIRECTION('',(0.,-1.,0.));
#827 = ORIENTED_EDGE('',*,*,#828,.F.);
#828 = EDGE_CURVE('',#829,#820,#831,.T.);
#829 = VERTEX_POINT('',#830);
#830 = CARTESIAN_POINT('',(35.575,-41.125,0.));
#831 = LINE('',#832,#833);
#832 = CARTESIAN_POINT('',(35.575,-41.125,0.));
#833 = VECTOR('',#834,1.);
#834 = DIRECTION('',(0.,-1.,0.));
#835 = ORIENTED_EDGE('',*,*,#836,.F.);
#836 = EDGE_CURVE('',#837,#829,#839,.T.);
#837 = VERTEX_POINT('',#838);
#838 = CARTESIAN_POINT('',(35.075,-40.625,0.));
#839 = CIRCLE('',#840,0.5);
#840 = AXIS2_PLACEMENT_3D('',#841,#842,#843);
#841 = CARTESIAN_POINT('',(35.075,-41.125,0.));
#842 = DIRECTION('',(0.,0.,-1.));
#843 = DIRECTION('',(1.,0.,0.));
#844 = ORIENTED_EDGE('',*,*,#845,.F.);
#845 = EDGE_CURVE('',#786,#837,#846,.T.);
#846 = LINE('',#847,#848);
#847 = CARTESIAN_POINT('',(22.075,-40.625,0.));
#848 = VECTOR('',#849,1.);
#849 = DIRECTION('',(1.,0.,0.));
#850 = FACE_BOUND('',#851,.T.);
#851 = EDGE_LOOP('',(#852));
#852 = ORIENTED_EDGE('',*,*,#853,.F.);
#853 = EDGE_CURVE('',#854,#854,#856,.T.);
#854 = VERTEX_POINT('',#855);
#855 = CARTESIAN_POINT('',(47.767,12.725,0.));
#856 = CIRCLE('',#857,1.5);
#857 = AXIS2_PLACEMENT_3D('',#858,#859,#860);
#858 = CARTESIAN_POINT('',(49.267,12.725,0.));
#859 = DIRECTION('',(0.,0.,-1.));
#860 = DIRECTION('',(1.,0.,0.));
#861 = PLANE('',#862);
#862 = AXIS2_PLACEMENT_3D('',#863,#864,#865);
#863 = CARTESIAN_POINT('',(29.1105,-17.8855,0.));
#864 = DIRECTION('',(0.,0.,1.));
#865 = DIRECTION('',(1.,0.,-0.));
#866 = ADVANCED_FACE('',(#867),#893,.T.);
#867 = FACE_BOUND('',#868,.T.);
#868 = EDGE_LOOP('',(#869,#880,#886,#887));
#869 = ORIENTED_EDGE('',*,*,#870,.T.);
#870 = EDGE_CURVE('',#871,#873,#875,.T.);
#871 = VERTEX_POINT('',#872);
#872 = CARTESIAN_POINT('',(70.067,-63.996,1.5));
#873 = VERTEX_POINT('',#874);
#874 = CARTESIAN_POINT('',(65.067,-68.996,1.5));
#875 = CIRCLE('',#876,5.);
#876 = AXIS2_PLACEMENT_3D('',#877,#878,#879);
#877 = CARTESIAN_POINT('',(65.067,-63.996,1.5));
#878 = DIRECTION('',(0.,0.,-1.));
#879 = DIRECTION('',(0.707106781187,-0.707106781187,0.));
#880 = ORIENTED_EDGE('',*,*,#881,.T.);
#881 = EDGE_CURVE('',#873,#104,#882,.T.);
#882 = LINE('',#883,#884);
#883 = CARTESIAN_POINT('',(65.067,-68.996,0.));
#884 = VECTOR('',#885,1.);
#885 = DIRECTION('',(0.,0.,-1.));
#886 = ORIENTED_EDGE('',*,*,#103,.T.);
#887 = ORIENTED_EDGE('',*,*,#888,.T.);
#888 = EDGE_CURVE('',#96,#871,#889,.T.);
#889 = LINE('',#890,#891);
#890 = CARTESIAN_POINT('',(70.067,-63.996,0.));
#891 = VECTOR('',#892,1.);
#892 = DIRECTION('',(0.,0.,1.));
#893 = CYLINDRICAL_SURFACE('',#894,5.);
#894 = AXIS2_PLACEMENT_3D('',#895,#896,#897);
#895 = CARTESIAN_POINT('',(65.067,-63.996,0.));
#896 = DIRECTION('',(0.,0.,1.));
#897 = DIRECTION('',(0.707106781187,-0.707106781187,0.));
#898 = ADVANCED_FACE('',(#899),#917,.T.);
#899 = FACE_BOUND('',#900,.T.);
#900 = EDGE_LOOP('',(#901,#902,#910,#916));
#901 = ORIENTED_EDGE('',*,*,#881,.F.);
#902 = ORIENTED_EDGE('',*,*,#903,.F.);
#903 = EDGE_CURVE('',#904,#873,#906,.T.);
#904 = VERTEX_POINT('',#905);
#905 = CARTESIAN_POINT('',(-6.846,-68.996,1.5));
#906 = LINE('',#907,#908);
#907 = CARTESIAN_POINT('',(-11.846,-68.996,1.5));
#908 = VECTOR('',#909,1.);
#909 = DIRECTION('',(1.,0.,0.));
#910 = ORIENTED_EDGE('',*,*,#911,.F.);
#911 = EDGE_CURVE('',#113,#904,#912,.T.);
#912 = LINE('',#913,#914);
#913 = CARTESIAN_POINT('',(-6.846,-68.996,0.));
#914 = VECTOR('',#915,1.);
#915 = DIRECTION('',(0.,0.,1.));
#916 = ORIENTED_EDGE('',*,*,#112,.T.);
#917 = PLANE('',#918);
#918 = AXIS2_PLACEMENT_3D('',#919,#920,#921);
#919 = CARTESIAN_POINT('',(-11.846,-68.996,0.));
#920 = DIRECTION('',(0.,-1.,0.));
#921 = DIRECTION('',(1.,0.,0.));
#922 = ADVANCED_FACE('',(#923),#942,.T.);
#923 = FACE_BOUND('',#924,.T.);
#924 = EDGE_LOOP('',(#925,#934,#940,#941));
#925 = ORIENTED_EDGE('',*,*,#926,.T.);
#926 = EDGE_CURVE('',#904,#927,#929,.T.);
#927 = VERTEX_POINT('',#928);
#928 = CARTESIAN_POINT('',(-11.846,-63.996,1.5));
#929 = CIRCLE('',#930,5.);
#930 = AXIS2_PLACEMENT_3D('',#931,#932,#933);
#931 = CARTESIAN_POINT('',(-6.846,-63.996,1.5));
#932 = DIRECTION('',(0.,0.,-1.));
#933 = DIRECTION('',(-0.707106781187,-0.707106781187,-0.));
#934 = ORIENTED_EDGE('',*,*,#935,.T.);
#935 = EDGE_CURVE('',#927,#121,#936,.T.);
#936 = LINE('',#937,#938);
#937 = CARTESIAN_POINT('',(-11.846,-63.996,0.));
#938 = VECTOR('',#939,1.);
#939 = DIRECTION('',(0.,0.,-1.));
#940 = ORIENTED_EDGE('',*,*,#120,.T.);
#941 = ORIENTED_EDGE('',*,*,#911,.T.);
#942 = CYLINDRICAL_SURFACE('',#943,5.);
#943 = AXIS2_PLACEMENT_3D('',#944,#945,#946);
#944 = CARTESIAN_POINT('',(-6.846,-63.996,0.));
#945 = DIRECTION('',(0.,0.,1.));
#946 = DIRECTION('',(-0.707106781187,-0.707106781187,0.));
#947 = ADVANCED_FACE('',(#948),#974,.T.);
#948 = FACE_BOUND('',#949,.T.);
#949 = EDGE_LOOP('',(#950,#961,#967,#968));
#950 = ORIENTED_EDGE('',*,*,#951,.T.);
#951 = EDGE_CURVE('',#952,#954,#956,.T.);
#952 = VERTEX_POINT('',#953);
#953 = CARTESIAN_POINT('',(-11.846,28.225,1.5));
#954 = VERTEX_POINT('',#955);
#955 = CARTESIAN_POINT('',(-6.846,33.225,1.5));
#956 = CIRCLE('',#957,5.);
#957 = AXIS2_PLACEMENT_3D('',#958,#959,#960);
#958 = CARTESIAN_POINT('',(-6.846,28.225,1.5));
#959 = DIRECTION('',(0.,0.,-1.));
#960 = DIRECTION('',(-0.707106781187,0.707106781187,0.));
#961 = ORIENTED_EDGE('',*,*,#962,.T.);
#962 = EDGE_CURVE('',#954,#138,#963,.T.);
#963 = LINE('',#964,#965);
#964 = CARTESIAN_POINT('',(-6.846,33.225,0.));
#965 = VECTOR('',#966,1.);
#966 = DIRECTION('',(0.,0.,-1.));
#967 = ORIENTED_EDGE('',*,*,#137,.T.);
#968 = ORIENTED_EDGE('',*,*,#969,.T.);
#969 = EDGE_CURVE('',#130,#952,#970,.T.);
#970 = LINE('',#971,#972);
#971 = CARTESIAN_POINT('',(-11.846,28.225,0.));
#972 = VECTOR('',#973,1.);
#973 = DIRECTION('',(0.,0.,1.));
#974 = CYLINDRICAL_SURFACE('',#975,5.);
#975 = AXIS2_PLACEMENT_3D('',#976,#977,#978);
#976 = CARTESIAN_POINT('',(-6.846,28.225,0.));
#977 = DIRECTION('',(0.,0.,1.));
#978 = DIRECTION('',(-0.707106781187,0.707106781187,0.));
#979 = ADVANCED_FACE('',(#980),#998,.T.);
#980 = FACE_BOUND('',#981,.T.);
#981 = EDGE_LOOP('',(#982,#983,#991,#997));
#982 = ORIENTED_EDGE('',*,*,#962,.F.);
#983 = ORIENTED_EDGE('',*,*,#984,.F.);
#984 = EDGE_CURVE('',#985,#954,#987,.T.);
#985 = VERTEX_POINT('',#986);
#986 = CARTESIAN_POINT('',(19.714,33.225,1.5));
#987 = LINE('',#988,#989);
#988 = CARTESIAN_POINT('',(70.067,33.225,1.5));
#989 = VECTOR('',#990,1.);
#990 = DIRECTION('',(-1.,-5.421474123156E-17,0.));
#991 = ORIENTED_EDGE('',*,*,#992,.F.);
#992 = EDGE_CURVE('',#147,#985,#993,.T.);
#993 = LINE('',#994,#995);
#994 = CARTESIAN_POINT('',(19.714,33.225,0.));
#995 = VECTOR('',#996,1.);
#996 = DIRECTION('',(0.,0.,1.));
#997 = ORIENTED_EDGE('',*,*,#146,.T.);
#998 = PLANE('',#999);
#999 = AXIS2_PLACEMENT_3D('',#1000,#1001,#1002);
#1000 = CARTESIAN_POINT('',(19.714,33.225,0.));
#1001 = DIRECTION('',(-5.421474123156E-17,1.,0.));
#1002 = DIRECTION('',(-1.,-5.421474123156E-17,0.));
#1003 = ADVANCED_FACE('',(#1004),#1023,.F.);
#1004 = FACE_BOUND('',#1005,.F.);
#1005 = EDGE_LOOP('',(#1006,#1014,#1021,#1022));
#1006 = ORIENTED_EDGE('',*,*,#1007,.T.);
#1007 = EDGE_CURVE('',#854,#1008,#1010,.T.);
#1008 = VERTEX_POINT('',#1009);
#1009 = CARTESIAN_POINT('',(47.767,12.725,1.5));
#1010 = LINE('',#1011,#1012);
#1011 = CARTESIAN_POINT('',(47.767,12.725,0.));
#1012 = VECTOR('',#1013,1.);
#1013 = DIRECTION('',(0.,0.,1.));
#1014 = ORIENTED_EDGE('',*,*,#1015,.T.);
#1015 = EDGE_CURVE('',#1008,#1008,#1016,.T.);
#1016 = CIRCLE('',#1017,1.5);
#1017 = AXIS2_PLACEMENT_3D('',#1018,#1019,#1020);
#1018 = CARTESIAN_POINT('',(49.267,12.725,1.5));
#1019 = DIRECTION('',(0.,0.,-1.));
#1020 = DIRECTION('',(1.,0.,0.));
#1021 = ORIENTED_EDGE('',*,*,#1007,.F.);
#1022 = ORIENTED_EDGE('',*,*,#853,.F.);
#1023 = CYLINDRICAL_SURFACE('',#1024,1.5);
#1024 = AXIS2_PLACEMENT_3D('',#1025,#1026,#1027);
#1025 = CARTESIAN_POINT('',(49.267,12.725,0.));
#1026 = DIRECTION('',(0.,0.,1.));
#1027 = DIRECTION('',(1.,0.,-0.));
#1028 = ADVANCED_FACE('',(#1029),#1054,.T.);
#1029 = FACE_BOUND('',#1030,.T.);
#1030 = EDGE_LOOP('',(#1031,#1032,#1040,#1048));
#1031 = ORIENTED_EDGE('',*,*,#794,.T.);
#1032 = ORIENTED_EDGE('',*,*,#1033,.T.);
#1033 = EDGE_CURVE('',#784,#1034,#1036,.T.);
#1034 = VERTEX_POINT('',#1035);
#1035 = CARTESIAN_POINT('',(21.575,-41.125,1.5));
#1036 = LINE('',#1037,#1038);
#1037 = CARTESIAN_POINT('',(21.575,-41.125,0.));
#1038 = VECTOR('',#1039,1.);
#1039 = DIRECTION('',(0.,0.,1.));
#1040 = ORIENTED_EDGE('',*,*,#1041,.F.);
#1041 = EDGE_CURVE('',#1042,#1034,#1044,.T.);
#1042 = VERTEX_POINT('',#1043);
#1043 = CARTESIAN_POINT('',(21.575,-54.125,1.5));
#1044 = LINE('',#1045,#1046);
#1045 = CARTESIAN_POINT('',(21.575,-41.125,1.5));
#1046 = VECTOR('',#1047,1.);
#1047 = DIRECTION('',(0.,1.,0.));
#1048 = ORIENTED_EDGE('',*,*,#1049,.F.);
#1049 = EDGE_CURVE('',#795,#1042,#1050,.T.);
#1050 = LINE('',#1051,#1052);
#1051 = CARTESIAN_POINT('',(21.575,-54.125,0.));
#1052 = VECTOR('',#1053,1.);
#1053 = DIRECTION('',(0.,0.,1.));
#1054 = PLANE('',#1055);
#1055 = AXIS2_PLACEMENT_3D('',#1056,#1057,#1058);
#1056 = CARTESIAN_POINT('',(21.575,-54.125,0.));
#1057 = DIRECTION('',(1.,0.,0.));
#1058 = DIRECTION('',(-0.,1.,0.));
#1059 = ADVANCED_FACE('',(#1060),#1079,.F.);
#1060 = FACE_BOUND('',#1061,.F.);
#1061 = EDGE_LOOP('',(#1062,#1070,#1077,#1078));
#1062 = ORIENTED_EDGE('',*,*,#1063,.T.);
#1063 = EDGE_CURVE('',#803,#1064,#1066,.T.);
#1064 = VERTEX_POINT('',#1065);
#1065 = CARTESIAN_POINT('',(22.075,-54.625,1.5));
#1066 = LINE('',#1067,#1068);
#1067 = CARTESIAN_POINT('',(22.075,-54.625,0.));
#1068 = VECTOR('',#1069,1.);
#1069 = DIRECTION('',(0.,0.,1.));
#1070 = ORIENTED_EDGE('',*,*,#1071,.T.);
#1071 = EDGE_CURVE('',#1064,#1042,#1072,.T.);
#1072 = CIRCLE('',#1073,0.5);
#1073 = AXIS2_PLACEMENT_3D('',#1074,#1075,#1076);
#1074 = CARTESIAN_POINT('',(22.075,-54.125,1.5));
#1075 = DIRECTION('',(0.,0.,-1.));
#1076 = DIRECTION('',(-1.,0.,0.));
#1077 = ORIENTED_EDGE('',*,*,#1049,.F.);
#1078 = ORIENTED_EDGE('',*,*,#802,.F.);
#1079 = CYLINDRICAL_SURFACE('',#1080,0.5);
#1080 = AXIS2_PLACEMENT_3D('',#1081,#1082,#1083);
#1081 = CARTESIAN_POINT('',(22.075,-54.125,0.));
#1082 = DIRECTION('',(0.,0.,1.));
#1083 = DIRECTION('',(-1.,0.,0.));
#1084 = ADVANCED_FACE('',(#1085),#1103,.T.);
#1085 = FACE_BOUND('',#1086,.T.);
#1086 = EDGE_LOOP('',(#1087,#1088,#1089,#1097));
#1087 = ORIENTED_EDGE('',*,*,#811,.T.);
#1088 = ORIENTED_EDGE('',*,*,#1063,.T.);
#1089 = ORIENTED_EDGE('',*,*,#1090,.F.);
#1090 = EDGE_CURVE('',#1091,#1064,#1093,.T.);
#1091 = VERTEX_POINT('',#1092);
#1092 = CARTESIAN_POINT('',(35.075,-54.625,1.5));
#1093 = LINE('',#1094,#1095);
#1094 = CARTESIAN_POINT('',(22.075,-54.625,1.5));
#1095 = VECTOR('',#1096,1.);
#1096 = DIRECTION('',(-1.,0.,0.));
#1097 = ORIENTED_EDGE('',*,*,#1098,.F.);
#1098 = EDGE_CURVE('',#812,#1091,#1099,.T.);
#1099 = LINE('',#1100,#1101);
#1100 = CARTESIAN_POINT('',(35.075,-54.625,0.));
#1101 = VECTOR('',#1102,1.);
#1102 = DIRECTION('',(0.,0.,1.));
#1103 = PLANE('',#1104);
#1104 = AXIS2_PLACEMENT_3D('',#1105,#1106,#1107);
#1105 = CARTESIAN_POINT('',(35.075,-54.625,0.));
#1106 = DIRECTION('',(0.,1.,0.));
#1107 = DIRECTION('',(-1.,0.,0.));
#1108 = ADVANCED_FACE('',(#1109),#1128,.F.);
#1109 = FACE_BOUND('',#1110,.F.);
#1110 = EDGE_LOOP('',(#1111,#1119,#1126,#1127));
#1111 = ORIENTED_EDGE('',*,*,#1112,.T.);
#1112 = EDGE_CURVE('',#820,#1113,#1115,.T.);
#1113 = VERTEX_POINT('',#1114);
#1114 = CARTESIAN_POINT('',(35.575,-54.125,1.5));
#1115 = LINE('',#1116,#1117);
#1116 = CARTESIAN_POINT('',(35.575,-54.125,0.));
#1117 = VECTOR('',#1118,1.);
#1118 = DIRECTION('',(0.,0.,1.));
#1119 = ORIENTED_EDGE('',*,*,#1120,.T.);
#1120 = EDGE_CURVE('',#1113,#1091,#1121,.T.);
#1121 = CIRCLE('',#1122,0.5);
#1122 = AXIS2_PLACEMENT_3D('',#1123,#1124,#1125);
#1123 = CARTESIAN_POINT('',(35.075,-54.125,1.5));
#1124 = DIRECTION('',(0.,0.,-1.));
#1125 = DIRECTION('',(0.,-1.,0.));
#1126 = ORIENTED_EDGE('',*,*,#1098,.F.);
#1127 = ORIENTED_EDGE('',*,*,#819,.F.);
#1128 = CYLINDRICAL_SURFACE('',#1129,0.5);
#1129 = AXIS2_PLACEMENT_3D('',#1130,#1131,#1132);
#1130 = CARTESIAN_POINT('',(35.075,-54.125,0.));
#1131 = DIRECTION('',(0.,0.,1.));
#1132 = DIRECTION('',(0.,-1.,0.));
#1133 = ADVANCED_FACE('',(#1134),#1152,.T.);
#1134 = FACE_BOUND('',#1135,.T.);
#1135 = EDGE_LOOP('',(#1136,#1137,#1138,#1146));
#1136 = ORIENTED_EDGE('',*,*,#828,.T.);
#1137 = ORIENTED_EDGE('',*,*,#1112,.T.);
#1138 = ORIENTED_EDGE('',*,*,#1139,.F.);
#1139 = EDGE_CURVE('',#1140,#1113,#1142,.T.);
#1140 = VERTEX_POINT('',#1141);
#1141 = CARTESIAN_POINT('',(35.575,-41.125,1.5));
#1142 = LINE('',#1143,#1144);
#1143 = CARTESIAN_POINT('',(35.575,-41.125,1.5));
#1144 = VECTOR('',#1145,1.);
#1145 = DIRECTION('',(0.,-1.,0.));
#1146 = ORIENTED_EDGE('',*,*,#1147,.F.);
#1147 = EDGE_CURVE('',#829,#1140,#1148,.T.);
#1148 = LINE('',#1149,#1150);
#1149 = CARTESIAN_POINT('',(35.575,-41.125,0.));
#1150 = VECTOR('',#1151,1.);
#1151 = DIRECTION('',(0.,0.,1.));
#1152 = PLANE('',#1153);
#1153 = AXIS2_PLACEMENT_3D('',#1154,#1155,#1156);
#1154 = CARTESIAN_POINT('',(35.575,-41.125,0.));
#1155 = DIRECTION('',(-1.,0.,0.));
#1156 = DIRECTION('',(0.,-1.,0.));
#1157 = ADVANCED_FACE('',(#1158),#1177,.F.);
#1158 = FACE_BOUND('',#1159,.F.);
#1159 = EDGE_LOOP('',(#1160,#1168,#1175,#1176));
#1160 = ORIENTED_EDGE('',*,*,#1161,.T.);
#1161 = EDGE_CURVE('',#837,#1162,#1164,.T.);
#1162 = VERTEX_POINT('',#1163);
#1163 = CARTESIAN_POINT('',(35.075,-40.625,1.5));
#1164 = LINE('',#1165,#1166);
#1165 = CARTESIAN_POINT('',(35.075,-40.625,0.));
#1166 = VECTOR('',#1167,1.);
#1167 = DIRECTION('',(0.,0.,1.));
#1168 = ORIENTED_EDGE('',*,*,#1169,.T.);
#1169 = EDGE_CURVE('',#1162,#1140,#1170,.T.);
#1170 = CIRCLE('',#1171,0.5);
#1171 = AXIS2_PLACEMENT_3D('',#1172,#1173,#1174);
#1172 = CARTESIAN_POINT('',(35.075,-41.125,1.5));
#1173 = DIRECTION('',(0.,0.,-1.));
#1174 = DIRECTION('',(1.,0.,0.));
#1175 = ORIENTED_EDGE('',*,*,#1147,.F.);
#1176 = ORIENTED_EDGE('',*,*,#836,.F.);
#1177 = CYLINDRICAL_SURFACE('',#1178,0.5);
#1178 = AXIS2_PLACEMENT_3D('',#1179,#1180,#1181);
#1179 = CARTESIAN_POINT('',(35.075,-41.125,0.));
#1180 = DIRECTION('',(0.,0.,1.));
#1181 = DIRECTION('',(1.,0.,-0.));
#1182 = ADVANCED_FACE('',(#1183),#1201,.T.);
#1183 = FACE_BOUND('',#1184,.T.);
#1184 = EDGE_LOOP('',(#1185,#1186,#1187,#1195));
#1185 = ORIENTED_EDGE('',*,*,#845,.T.);
#1186 = ORIENTED_EDGE('',*,*,#1161,.T.);
#1187 = ORIENTED_EDGE('',*,*,#1188,.F.);
#1188 = EDGE_CURVE('',#1189,#1162,#1191,.T.);
#1189 = VERTEX_POINT('',#1190);
#1190 = CARTESIAN_POINT('',(22.075,-40.625,1.5));
#1191 = LINE('',#1192,#1193);
#1192 = CARTESIAN_POINT('',(22.075,-40.625,1.5));
#1193 = VECTOR('',#1194,1.);
#1194 = DIRECTION('',(1.,0.,0.));
#1195 = ORIENTED_EDGE('',*,*,#1196,.F.);
#1196 = EDGE_CURVE('',#786,#1189,#1197,.T.);
#1197 = LINE('',#1198,#1199);
#1198 = CARTESIAN_POINT('',(22.075,-40.625,0.));
#1199 = VECTOR('',#1200,1.);
#1200 = DIRECTION('',(0.,0.,1.));
#1201 = PLANE('',#1202);
#1202 = AXIS2_PLACEMENT_3D('',#1203,#1204,#1205);
#1203 = CARTESIAN_POINT('',(22.075,-40.625,0.));
#1204 = DIRECTION('',(0.,-1.,0.));
#1205 = DIRECTION('',(1.,0.,0.));
#1206 = ADVANCED_FACE('',(#1207),#1219,.F.);
#1207 = FACE_BOUND('',#1208,.F.);
#1208 = EDGE_LOOP('',(#1209,#1210,#1217,#1218));
#1209 = ORIENTED_EDGE('',*,*,#1033,.T.);
#1210 = ORIENTED_EDGE('',*,*,#1211,.T.);
#1211 = EDGE_CURVE('',#1034,#1189,#1212,.T.);
#1212 = CIRCLE('',#1213,0.5);
#1213 = AXIS2_PLACEMENT_3D('',#1214,#1215,#1216);
#1214 = CARTESIAN_POINT('',(22.075,-41.125,1.5));
#1215 = DIRECTION('',(0.,0.,-1.));
#1216 = DIRECTION('',(0.,1.,0.));
#1217 = ORIENTED_EDGE('',*,*,#1196,.F.);
#1218 = ORIENTED_EDGE('',*,*,#783,.F.);
#1219 = CYLINDRICAL_SURFACE('',#1220,0.5);
#1220 = AXIS2_PLACEMENT_3D('',#1221,#1222,#1223);
#1221 = CARTESIAN_POINT('',(22.075,-41.125,0.));
#1222 = DIRECTION('',(0.,0.,1.));
#1223 = DIRECTION('',(0.,1.,0.));
#1224 = ADVANCED_FACE('',(#1225),#1250,.T.);
#1225 = FACE_BOUND('',#1226,.T.);
#1226 = EDGE_LOOP('',(#1227,#1228,#1236,#1244));
#1227 = ORIENTED_EDGE('',*,*,#724,.T.);
#1228 = ORIENTED_EDGE('',*,*,#1229,.T.);
#1229 = EDGE_CURVE('',#714,#1230,#1232,.T.);
#1230 = VERTEX_POINT('',#1231);
#1231 = CARTESIAN_POINT('',(21.575,-3.025,1.5));
#1232 = LINE('',#1233,#1234);
#1233 = CARTESIAN_POINT('',(21.575,-3.025,0.));
#1234 = VECTOR('',#1235,1.);
#1235 = DIRECTION('',(0.,0.,1.));
#1236 = ORIENTED_EDGE('',*,*,#1237,.F.);
#1237 = EDGE_CURVE('',#1238,#1230,#1240,.T.);
#1238 = VERTEX_POINT('',#1239);
#1239 = CARTESIAN_POINT('',(21.575,-16.025,1.5));
#1240 = LINE('',#1241,#1242);
#1241 = CARTESIAN_POINT('',(21.575,-3.025,1.5));
#1242 = VECTOR('',#1243,1.);
#1243 = DIRECTION('',(0.,1.,0.));
#1244 = ORIENTED_EDGE('',*,*,#1245,.F.);
#1245 = EDGE_CURVE('',#725,#1238,#1246,.T.);
#1246 = LINE('',#1247,#1248);
#1247 = CARTESIAN_POINT('',(21.575,-16.025,0.));
#1248 = VECTOR('',#1249,1.);
#1249 = DIRECTION('',(0.,0.,1.));
#1250 = PLANE('',#1251);
#1251 = AXIS2_PLACEMENT_3D('',#1252,#1253,#1254);
#1252 = CARTESIAN_POINT('',(21.575,-16.025,0.));
#1253 = DIRECTION('',(1.,0.,0.));
#1254 = DIRECTION('',(-0.,1.,0.));
#1255 = ADVANCED_FACE('',(#1256),#1275,.F.);
#1256 = FACE_BOUND('',#1257,.F.);
#1257 = EDGE_LOOP('',(#1258,#1266,#1273,#1274));
#1258 = ORIENTED_EDGE('',*,*,#1259,.T.);
#1259 = EDGE_CURVE('',#733,#1260,#1262,.T.);
#1260 = VERTEX_POINT('',#1261);
#1261 = CARTESIAN_POINT('',(22.075,-16.525,1.5));
#1262 = LINE('',#1263,#1264);
#1263 = CARTESIAN_POINT('',(22.075,-16.525,0.));
#1264 = VECTOR('',#1265,1.);
#1265 = DIRECTION('',(0.,0.,1.));
#1266 = ORIENTED_EDGE('',*,*,#1267,.T.);
#1267 = EDGE_CURVE('',#1260,#1238,#1268,.T.);
#1268 = CIRCLE('',#1269,0.5);
#1269 = AXIS2_PLACEMENT_3D('',#1270,#1271,#1272);
#1270 = CARTESIAN_POINT('',(22.075,-16.025,1.5));
#1271 = DIRECTION('',(0.,0.,-1.));
#1272 = DIRECTION('',(-1.,0.,0.));
#1273 = ORIENTED_EDGE('',*,*,#1245,.F.);
#1274 = ORIENTED_EDGE('',*,*,#732,.F.);
#1275 = CYLINDRICAL_SURFACE('',#1276,0.5);
#1276 = AXIS2_PLACEMENT_3D('',#1277,#1278,#1279);
#1277 = CARTESIAN_POINT('',(22.075,-16.025,0.));
#1278 = DIRECTION('',(0.,0.,1.));
#1279 = DIRECTION('',(-1.,0.,0.));
#1280 = ADVANCED_FACE('',(#1281),#1299,.T.);
#1281 = FACE_BOUND('',#1282,.T.);
#1282 = EDGE_LOOP('',(#1283,#1284,#1285,#1293));
#1283 = ORIENTED_EDGE('',*,*,#741,.T.);
#1284 = ORIENTED_EDGE('',*,*,#1259,.T.);
#1285 = ORIENTED_EDGE('',*,*,#1286,.F.);
#1286 = EDGE_CURVE('',#1287,#1260,#1289,.T.);
#1287 = VERTEX_POINT('',#1288);
#1288 = CARTESIAN_POINT('',(35.075,-16.525,1.5));
#1289 = LINE('',#1290,#1291);
#1290 = CARTESIAN_POINT('',(22.075,-16.525,1.5));
#1291 = VECTOR('',#1292,1.);
#1292 = DIRECTION('',(-1.,0.,0.));
#1293 = ORIENTED_EDGE('',*,*,#1294,.F.);
#1294 = EDGE_CURVE('',#742,#1287,#1295,.T.);
#1295 = LINE('',#1296,#1297);
#1296 = CARTESIAN_POINT('',(35.075,-16.525,0.));
#1297 = VECTOR('',#1298,1.);
#1298 = DIRECTION('',(0.,0.,1.));
#1299 = PLANE('',#1300);
#1300 = AXIS2_PLACEMENT_3D('',#1301,#1302,#1303);
#1301 = CARTESIAN_POINT('',(35.075,-16.525,0.));
#1302 = DIRECTION('',(0.,1.,0.));
#1303 = DIRECTION('',(-1.,0.,0.));
#1304 = ADVANCED_FACE('',(#1305),#1324,.F.);
#1305 = FACE_BOUND('',#1306,.F.);
#1306 = EDGE_LOOP('',(#1307,#1315,#1322,#1323));
#1307 = ORIENTED_EDGE('',*,*,#1308,.T.);
#1308 = EDGE_CURVE('',#750,#1309,#1311,.T.);
#1309 = VERTEX_POINT('',#1310);
#1310 = CARTESIAN_POINT('',(35.575,-16.025,1.5));
#1311 = LINE('',#1312,#1313);
#1312 = CARTESIAN_POINT('',(35.575,-16.025,0.));
#1313 = VECTOR('',#1314,1.);
#1314 = DIRECTION('',(0.,0.,1.));
#1315 = ORIENTED_EDGE('',*,*,#1316,.T.);
#1316 = EDGE_CURVE('',#1309,#1287,#1317,.T.);
#1317 = CIRCLE('',#1318,0.5);
#1318 = AXIS2_PLACEMENT_3D('',#1319,#1320,#1321);
#1319 = CARTESIAN_POINT('',(35.075,-16.025,1.5));
#1320 = DIRECTION('',(0.,0.,-1.));
#1321 = DIRECTION('',(0.,-1.,0.));
#1322 = ORIENTED_EDGE('',*,*,#1294,.F.);
#1323 = ORIENTED_EDGE('',*,*,#749,.F.);
#1324 = CYLINDRICAL_SURFACE('',#1325,0.5);
#1325 = AXIS2_PLACEMENT_3D('',#1326,#1327,#1328);
#1326 = CARTESIAN_POINT('',(35.075,-16.025,0.));
#1327 = DIRECTION('',(0.,0.,1.));
#1328 = DIRECTION('',(0.,-1.,0.));
#1329 = ADVANCED_FACE('',(#1330),#1348,.T.);
#1330 = FACE_BOUND('',#1331,.T.);
#1331 = EDGE_LOOP('',(#1332,#1333,#1334,#1342));
#1332 = ORIENTED_EDGE('',*,*,#758,.T.);
#1333 = ORIENTED_EDGE('',*,*,#1308,.T.);
#1334 = ORIENTED_EDGE('',*,*,#1335,.F.);
#1335 = EDGE_CURVE('',#1336,#1309,#1338,.T.);
#1336 = VERTEX_POINT('',#1337);
#1337 = CARTESIAN_POINT('',(35.575,-3.025,1.5));
#1338 = LINE('',#1339,#1340);
#1339 = CARTESIAN_POINT('',(35.575,-3.025,1.5));
#1340 = VECTOR('',#1341,1.);
#1341 = DIRECTION('',(0.,-1.,0.));
#1342 = ORIENTED_EDGE('',*,*,#1343,.F.);
#1343 = EDGE_CURVE('',#759,#1336,#1344,.T.);
#1344 = LINE('',#1345,#1346);
#1345 = CARTESIAN_POINT('',(35.575,-3.025,0.));
#1346 = VECTOR('',#1347,1.);
#1347 = DIRECTION('',(0.,0.,1.));
#1348 = PLANE('',#1349);
#1349 = AXIS2_PLACEMENT_3D('',#1350,#1351,#1352);
#1350 = CARTESIAN_POINT('',(35.575,-3.025,0.));
#1351 = DIRECTION('',(-1.,0.,0.));
#1352 = DIRECTION('',(0.,-1.,0.));
#1353 = ADVANCED_FACE('',(#1354),#1373,.F.);
#1354 = FACE_BOUND('',#1355,.F.);
#1355 = EDGE_LOOP('',(#1356,#1364,#1371,#1372));
#1356 = ORIENTED_EDGE('',*,*,#1357,.T.);
#1357 = EDGE_CURVE('',#767,#1358,#1360,.T.);
#1358 = VERTEX_POINT('',#1359);
#1359 = CARTESIAN_POINT('',(35.075,-2.525,1.5));
#1360 = LINE('',#1361,#1362);
#1361 = CARTESIAN_POINT('',(35.075,-2.525,0.));
#1362 = VECTOR('',#1363,1.);
#1363 = DIRECTION('',(0.,0.,1.));
#1364 = ORIENTED_EDGE('',*,*,#1365,.T.);
#1365 = EDGE_CURVE('',#1358,#1336,#1366,.T.);
#1366 = CIRCLE('',#1367,0.5);
#1367 = AXIS2_PLACEMENT_3D('',#1368,#1369,#1370);
#1368 = CARTESIAN_POINT('',(35.075,-3.025,1.5));
#1369 = DIRECTION('',(0.,0.,-1.));
#1370 = DIRECTION('',(1.,0.,0.));
#1371 = ORIENTED_EDGE('',*,*,#1343,.F.);
#1372 = ORIENTED_EDGE('',*,*,#766,.F.);
#1373 = CYLINDRICAL_SURFACE('',#1374,0.5);
#1374 = AXIS2_PLACEMENT_3D('',#1375,#1376,#1377);
#1375 = CARTESIAN_POINT('',(35.075,-3.025,0.));
#1376 = DIRECTION('',(0.,0.,1.));
#1377 = DIRECTION('',(1.,0.,-0.));
#1378 = ADVANCED_FACE('',(#1379),#1397,.T.);
#1379 = FACE_BOUND('',#1380,.T.);
#1380 = EDGE_LOOP('',(#1381,#1382,#1383,#1391));
#1381 = ORIENTED_EDGE('',*,*,#775,.T.);
#1382 = ORIENTED_EDGE('',*,*,#1357,.T.);
#1383 = ORIENTED_EDGE('',*,*,#1384,.F.);
#1384 = EDGE_CURVE('',#1385,#1358,#1387,.T.);
#1385 = VERTEX_POINT('',#1386);
#1386 = CARTESIAN_POINT('',(22.075,-2.525,1.5));
#1387 = LINE('',#1388,#1389);
#1388 = CARTESIAN_POINT('',(22.075,-2.525,1.5));
#1389 = VECTOR('',#1390,1.);
#1390 = DIRECTION('',(1.,0.,0.));
#1391 = ORIENTED_EDGE('',*,*,#1392,.F.);
#1392 = EDGE_CURVE('',#716,#1385,#1393,.T.);
#1393 = LINE('',#1394,#1395);
#1394 = CARTESIAN_POINT('',(22.075,-2.525,0.));
#1395 = VECTOR('',#1396,1.);
#1396 = DIRECTION('',(0.,0.,1.));
#1397 = PLANE('',#1398);
#1398 = AXIS2_PLACEMENT_3D('',#1399,#1400,#1401);
#1399 = CARTESIAN_POINT('',(22.075,-2.525,0.));
#1400 = DIRECTION('',(0.,-1.,0.));
#1401 = DIRECTION('',(1.,0.,0.));
#1402 = ADVANCED_FACE('',(#1403),#1415,.F.);
#1403 = FACE_BOUND('',#1404,.F.);
#1404 = EDGE_LOOP('',(#1405,#1406,#1413,#1414));
#1405 = ORIENTED_EDGE('',*,*,#1229,.T.);
#1406 = ORIENTED_EDGE('',*,*,#1407,.T.);
#1407 = EDGE_CURVE('',#1230,#1385,#1408,.T.);
#1408 = CIRCLE('',#1409,0.5);
#1409 = AXIS2_PLACEMENT_3D('',#1410,#1411,#1412);
#1410 = CARTESIAN_POINT('',(22.075,-3.025,1.5));
#1411 = DIRECTION('',(0.,0.,-1.));
#1412 = DIRECTION('',(0.,1.,0.));
#1413 = ORIENTED_EDGE('',*,*,#1392,.F.);
#1414 = ORIENTED_EDGE('',*,*,#713,.F.);
#1415 = CYLINDRICAL_SURFACE('',#1416,0.5);
#1416 = AXIS2_PLACEMENT_3D('',#1417,#1418,#1419);
#1417 = CARTESIAN_POINT('',(22.075,-3.025,0.));
#1418 = DIRECTION('',(0.,0.,1.));
#1419 = DIRECTION('',(0.,1.,0.));
#1420 = ADVANCED_FACE('',(#1421),#1446,.T.);
#1421 = FACE_BOUND('',#1422,.T.);
#1422 = EDGE_LOOP('',(#1423,#1424,#1432,#1440));
#1423 = ORIENTED_EDGE('',*,*,#654,.T.);
#1424 = ORIENTED_EDGE('',*,*,#1425,.T.);
#1425 = EDGE_CURVE('',#644,#1426,#1428,.T.);
#1426 = VERTEX_POINT('',#1427);
#1427 = CARTESIAN_POINT('',(40.625,-22.075,1.5));
#1428 = LINE('',#1429,#1430);
#1429 = CARTESIAN_POINT('',(40.625,-22.075,0.));
#1430 = VECTOR('',#1431,1.);
#1431 = DIRECTION('',(0.,0.,1.));
#1432 = ORIENTED_EDGE('',*,*,#1433,.F.);
#1433 = EDGE_CURVE('',#1434,#1426,#1436,.T.);
#1434 = VERTEX_POINT('',#1435);
#1435 = CARTESIAN_POINT('',(40.625,-35.075,1.5));
#1436 = LINE('',#1437,#1438);
#1437 = CARTESIAN_POINT('',(40.625,-22.075,1.5));
#1438 = VECTOR('',#1439,1.);
#1439 = DIRECTION('',(0.,1.,0.));
#1440 = ORIENTED_EDGE('',*,*,#1441,.F.);
#1441 = EDGE_CURVE('',#655,#1434,#1442,.T.);
#1442 = LINE('',#1443,#1444);
#1443 = CARTESIAN_POINT('',(40.625,-35.075,0.));
#1444 = VECTOR('',#1445,1.);
#1445 = DIRECTION('',(0.,0.,1.));
#1446 = PLANE('',#1447);
#1447 = AXIS2_PLACEMENT_3D('',#1448,#1449,#1450);
#1448 = CARTESIAN_POINT('',(40.625,-35.075,0.));
#1449 = DIRECTION('',(1.,0.,0.));
#1450 = DIRECTION('',(-0.,1.,0.));
#1451 = ADVANCED_FACE('',(#1452),#1471,.F.);
#1452 = FACE_BOUND('',#1453,.F.);
#1453 = EDGE_LOOP('',(#1454,#1462,#1469,#1470));
#1454 = ORIENTED_EDGE('',*,*,#1455,.T.);
#1455 = EDGE_CURVE('',#663,#1456,#1458,.T.);
#1456 = VERTEX_POINT('',#1457);
#1457 = CARTESIAN_POINT('',(41.125,-35.575,1.5));
#1458 = LINE('',#1459,#1460);
#1459 = CARTESIAN_POINT('',(41.125,-35.575,0.));
#1460 = VECTOR('',#1461,1.);
#1461 = DIRECTION('',(0.,0.,1.));
#1462 = ORIENTED_EDGE('',*,*,#1463,.T.);
#1463 = EDGE_CURVE('',#1456,#1434,#1464,.T.);
#1464 = CIRCLE('',#1465,0.5);
#1465 = AXIS2_PLACEMENT_3D('',#1466,#1467,#1468);
#1466 = CARTESIAN_POINT('',(41.125,-35.075,1.5));
#1467 = DIRECTION('',(0.,0.,-1.));
#1468 = DIRECTION('',(-1.,0.,0.));
#1469 = ORIENTED_EDGE('',*,*,#1441,.F.);
#1470 = ORIENTED_EDGE('',*,*,#662,.F.);
#1471 = CYLINDRICAL_SURFACE('',#1472,0.5);
#1472 = AXIS2_PLACEMENT_3D('',#1473,#1474,#1475);
#1473 = CARTESIAN_POINT('',(41.125,-35.075,0.));
#1474 = DIRECTION('',(0.,0.,1.));
#1475 = DIRECTION('',(-1.,0.,0.));
#1476 = ADVANCED_FACE('',(#1477),#1495,.T.);
#1477 = FACE_BOUND('',#1478,.T.);
#1478 = EDGE_LOOP('',(#1479,#1480,#1481,#1489));
#1479 = ORIENTED_EDGE('',*,*,#671,.T.);
#1480 = ORIENTED_EDGE('',*,*,#1455,.T.);
#1481 = ORIENTED_EDGE('',*,*,#1482,.F.);
#1482 = EDGE_CURVE('',#1483,#1456,#1485,.T.);
#1483 = VERTEX_POINT('',#1484);
#1484 = CARTESIAN_POINT('',(54.125,-35.575,1.5));
#1485 = LINE('',#1486,#1487);
#1486 = CARTESIAN_POINT('',(41.125,-35.575,1.5));
#1487 = VECTOR('',#1488,1.);
#1488 = DIRECTION('',(-1.,0.,0.));
#1489 = ORIENTED_EDGE('',*,*,#1490,.F.);
#1490 = EDGE_CURVE('',#672,#1483,#1491,.T.);
#1491 = LINE('',#1492,#1493);
#1492 = CARTESIAN_POINT('',(54.125,-35.575,0.));
#1493 = VECTOR('',#1494,1.);
#1494 = DIRECTION('',(0.,0.,1.));
#1495 = PLANE('',#1496);
#1496 = AXIS2_PLACEMENT_3D('',#1497,#1498,#1499);
#1497 = CARTESIAN_POINT('',(54.125,-35.575,0.));
#1498 = DIRECTION('',(0.,1.,0.));
#1499 = DIRECTION('',(-1.,0.,0.));
#1500 = ADVANCED_FACE('',(#1501),#1520,.F.);
#1501 = FACE_BOUND('',#1502,.F.);
#1502 = EDGE_LOOP('',(#1503,#1511,#1518,#1519));
#1503 = ORIENTED_EDGE('',*,*,#1504,.T.);
#1504 = EDGE_CURVE('',#680,#1505,#1507,.T.);
#1505 = VERTEX_POINT('',#1506);
#1506 = CARTESIAN_POINT('',(54.625,-35.075,1.5));
#1507 = LINE('',#1508,#1509);
#1508 = CARTESIAN_POINT('',(54.625,-35.075,0.));
#1509 = VECTOR('',#1510,1.);
#1510 = DIRECTION('',(0.,0.,1.));
#1511 = ORIENTED_EDGE('',*,*,#1512,.T.);
#1512 = EDGE_CURVE('',#1505,#1483,#1513,.T.);
#1513 = CIRCLE('',#1514,0.5);
#1514 = AXIS2_PLACEMENT_3D('',#1515,#1516,#1517);
#1515 = CARTESIAN_POINT('',(54.125,-35.075,1.5));
#1516 = DIRECTION('',(0.,0.,-1.));
#1517 = DIRECTION('',(0.,-1.,0.));
#1518 = ORIENTED_EDGE('',*,*,#1490,.F.);
#1519 = ORIENTED_EDGE('',*,*,#679,.F.);
#1520 = CYLINDRICAL_SURFACE('',#1521,0.5);
#1521 = AXIS2_PLACEMENT_3D('',#1522,#1523,#1524);
#1522 = CARTESIAN_POINT('',(54.125,-35.075,0.));
#1523 = DIRECTION('',(0.,0.,1.));
#1524 = DIRECTION('',(0.,-1.,0.));
#1525 = ADVANCED_FACE('',(#1526),#1544,.T.);
#1526 = FACE_BOUND('',#1527,.T.);
#1527 = EDGE_LOOP('',(#1528,#1529,#1530,#1538));
#1528 = ORIENTED_EDGE('',*,*,#688,.T.);
#1529 = ORIENTED_EDGE('',*,*,#1504,.T.);
#1530 = ORIENTED_EDGE('',*,*,#1531,.F.);
#1531 = EDGE_CURVE('',#1532,#1505,#1534,.T.);
#1532 = VERTEX_POINT('',#1533);
#1533 = CARTESIAN_POINT('',(54.625,-22.075,1.5));
#1534 = LINE('',#1535,#1536);
#1535 = CARTESIAN_POINT('',(54.625,-22.075,1.5));
#1536 = VECTOR('',#1537,1.);
#1537 = DIRECTION('',(0.,-1.,0.));
#1538 = ORIENTED_EDGE('',*,*,#1539,.F.);
#1539 = EDGE_CURVE('',#689,#1532,#1540,.T.);
#1540 = LINE('',#1541,#1542);
#1541 = CARTESIAN_POINT('',(54.625,-22.075,0.));
#1542 = VECTOR('',#1543,1.);
#1543 = DIRECTION('',(0.,0.,1.));
#1544 = PLANE('',#1545);
#1545 = AXIS2_PLACEMENT_3D('',#1546,#1547,#1548);
#1546 = CARTESIAN_POINT('',(54.625,-22.075,0.));
#1547 = DIRECTION('',(-1.,0.,0.));
#1548 = DIRECTION('',(0.,-1.,0.));
#1549 = ADVANCED_FACE('',(#1550),#1569,.F.);
#1550 = FACE_BOUND('',#1551,.F.);
#1551 = EDGE_LOOP('',(#1552,#1560,#1567,#1568));
#1552 = ORIENTED_EDGE('',*,*,#1553,.T.);
#1553 = EDGE_CURVE('',#697,#1554,#1556,.T.);
#1554 = VERTEX_POINT('',#1555);
#1555 = CARTESIAN_POINT('',(54.125,-21.575,1.5));
#1556 = LINE('',#1557,#1558);
#1557 = CARTESIAN_POINT('',(54.125,-21.575,0.));
#1558 = VECTOR('',#1559,1.);
#1559 = DIRECTION('',(0.,0.,1.));
#1560 = ORIENTED_EDGE('',*,*,#1561,.T.);
#1561 = EDGE_CURVE('',#1554,#1532,#1562,.T.);
#1562 = CIRCLE('',#1563,0.5);
#1563 = AXIS2_PLACEMENT_3D('',#1564,#1565,#1566);
#1564 = CARTESIAN_POINT('',(54.125,-22.075,1.5));
#1565 = DIRECTION('',(0.,0.,-1.));
#1566 = DIRECTION('',(1.,0.,0.));
#1567 = ORIENTED_EDGE('',*,*,#1539,.F.);
#1568 = ORIENTED_EDGE('',*,*,#696,.F.);
#1569 = CYLINDRICAL_SURFACE('',#1570,0.5);
#1570 = AXIS2_PLACEMENT_3D('',#1571,#1572,#1573);
#1571 = CARTESIAN_POINT('',(54.125,-22.075,0.));
#1572 = DIRECTION('',(0.,0.,1.));
#1573 = DIRECTION('',(1.,0.,-0.));
#1574 = ADVANCED_FACE('',(#1575),#1593,.T.);
#1575 = FACE_BOUND('',#1576,.T.);
#1576 = EDGE_LOOP('',(#1577,#1578,#1579,#1587));
#1577 = ORIENTED_EDGE('',*,*,#705,.T.);
#1578 = ORIENTED_EDGE('',*,*,#1553,.T.);
#1579 = ORIENTED_EDGE('',*,*,#1580,.F.);
#1580 = EDGE_CURVE('',#1581,#1554,#1583,.T.);
#1581 = VERTEX_POINT('',#1582);
#1582 = CARTESIAN_POINT('',(41.125,-21.575,1.5));
#1583 = LINE('',#1584,#1585);
#1584 = CARTESIAN_POINT('',(41.125,-21.575,1.5));
#1585 = VECTOR('',#1586,1.);
#1586 = DIRECTION('',(1.,0.,0.));
#1587 = ORIENTED_EDGE('',*,*,#1588,.F.);
#1588 = EDGE_CURVE('',#646,#1581,#1589,.T.);
#1589 = LINE('',#1590,#1591);
#1590 = CARTESIAN_POINT('',(41.125,-21.575,0.));
#1591 = VECTOR('',#1592,1.);
#1592 = DIRECTION('',(0.,0.,1.));
#1593 = PLANE('',#1594);
#1594 = AXIS2_PLACEMENT_3D('',#1595,#1596,#1597);
#1595 = CARTESIAN_POINT('',(41.125,-21.575,0.));
#1596 = DIRECTION('',(0.,-1.,0.));
#1597 = DIRECTION('',(1.,0.,0.));
#1598 = ADVANCED_FACE('',(#1599),#1611,.F.);
#1599 = FACE_BOUND('',#1600,.F.);
#1600 = EDGE_LOOP('',(#1601,#1602,#1609,#1610));
#1601 = ORIENTED_EDGE('',*,*,#1425,.T.);
#1602 = ORIENTED_EDGE('',*,*,#1603,.T.);
#1603 = EDGE_CURVE('',#1426,#1581,#1604,.T.);
#1604 = CIRCLE('',#1605,0.5);
#1605 = AXIS2_PLACEMENT_3D('',#1606,#1607,#1608);
#1606 = CARTESIAN_POINT('',(41.125,-22.075,1.5));
#1607 = DIRECTION('',(0.,0.,-1.));
#1608 = DIRECTION('',(0.,1.,0.));
#1609 = ORIENTED_EDGE('',*,*,#1588,.F.);
#1610 = ORIENTED_EDGE('',*,*,#643,.F.);
#1611 = CYLINDRICAL_SURFACE('',#1612,0.5);
#1612 = AXIS2_PLACEMENT_3D('',#1613,#1614,#1615);
#1613 = CARTESIAN_POINT('',(41.125,-22.075,0.));
#1614 = DIRECTION('',(0.,0.,1.));
#1615 = DIRECTION('',(0.,1.,0.));
#1616 = ADVANCED_FACE('',(#1617),#1642,.T.);
#1617 = FACE_BOUND('',#1618,.T.);
#1618 = EDGE_LOOP('',(#1619,#1620,#1628,#1636));
#1619 = ORIENTED_EDGE('',*,*,#584,.T.);
#1620 = ORIENTED_EDGE('',*,*,#1621,.T.);
#1621 = EDGE_CURVE('',#574,#1622,#1624,.T.);
#1622 = VERTEX_POINT('',#1623);
#1623 = CARTESIAN_POINT('',(21.575,-22.075,1.5));
#1624 = LINE('',#1625,#1626);
#1625 = CARTESIAN_POINT('',(21.575,-22.075,0.));
#1626 = VECTOR('',#1627,1.);
#1627 = DIRECTION('',(0.,0.,1.));
#1628 = ORIENTED_EDGE('',*,*,#1629,.F.);
#1629 = EDGE_CURVE('',#1630,#1622,#1632,.T.);
#1630 = VERTEX_POINT('',#1631);
#1631 = CARTESIAN_POINT('',(21.575,-35.075,1.5));
#1632 = LINE('',#1633,#1634);
#1633 = CARTESIAN_POINT('',(21.575,-22.075,1.5));
#1634 = VECTOR('',#1635,1.);
#1635 = DIRECTION('',(0.,1.,0.));
#1636 = ORIENTED_EDGE('',*,*,#1637,.F.);
#1637 = EDGE_CURVE('',#585,#1630,#1638,.T.);
#1638 = LINE('',#1639,#1640);
#1639 = CARTESIAN_POINT('',(21.575,-35.075,0.));
#1640 = VECTOR('',#1641,1.);
#1641 = DIRECTION('',(0.,0.,1.));
#1642 = PLANE('',#1643);
#1643 = AXIS2_PLACEMENT_3D('',#1644,#1645,#1646);
#1644 = CARTESIAN_POINT('',(21.575,-35.075,0.));
#1645 = DIRECTION('',(1.,0.,0.));
#1646 = DIRECTION('',(-0.,1.,0.));
#1647 = ADVANCED_FACE('',(#1648),#1667,.F.);
#1648 = FACE_BOUND('',#1649,.F.);
#1649 = EDGE_LOOP('',(#1650,#1658,#1665,#1666));
#1650 = ORIENTED_EDGE('',*,*,#1651,.T.);
#1651 = EDGE_CURVE('',#593,#1652,#1654,.T.);
#1652 = VERTEX_POINT('',#1653);
#1653 = CARTESIAN_POINT('',(22.075,-35.575,1.5));
#1654 = LINE('',#1655,#1656);
#1655 = CARTESIAN_POINT('',(22.075,-35.575,0.));
#1656 = VECTOR('',#1657,1.);
#1657 = DIRECTION('',(0.,0.,1.));
#1658 = ORIENTED_EDGE('',*,*,#1659,.T.);
#1659 = EDGE_CURVE('',#1652,#1630,#1660,.T.);
#1660 = CIRCLE('',#1661,0.5);
#1661 = AXIS2_PLACEMENT_3D('',#1662,#1663,#1664);
#1662 = CARTESIAN_POINT('',(22.075,-35.075,1.5));
#1663 = DIRECTION('',(0.,0.,-1.));
#1664 = DIRECTION('',(-1.,0.,0.));
#1665 = ORIENTED_EDGE('',*,*,#1637,.F.);
#1666 = ORIENTED_EDGE('',*,*,#592,.F.);
#1667 = CYLINDRICAL_SURFACE('',#1668,0.5);
#1668 = AXIS2_PLACEMENT_3D('',#1669,#1670,#1671);
#1669 = CARTESIAN_POINT('',(22.075,-35.075,0.));
#1670 = DIRECTION('',(0.,0.,1.));
#1671 = DIRECTION('',(-1.,0.,0.));
#1672 = ADVANCED_FACE('',(#1673),#1691,.T.);
#1673 = FACE_BOUND('',#1674,.T.);
#1674 = EDGE_LOOP('',(#1675,#1676,#1677,#1685));
#1675 = ORIENTED_EDGE('',*,*,#601,.T.);
#1676 = ORIENTED_EDGE('',*,*,#1651,.T.);
#1677 = ORIENTED_EDGE('',*,*,#1678,.F.);
#1678 = EDGE_CURVE('',#1679,#1652,#1681,.T.);
#1679 = VERTEX_POINT('',#1680);
#1680 = CARTESIAN_POINT('',(35.075,-35.575,1.5));
#1681 = LINE('',#1682,#1683);
#1682 = CARTESIAN_POINT('',(22.075,-35.575,1.5));
#1683 = VECTOR('',#1684,1.);
#1684 = DIRECTION('',(-1.,0.,0.));
#1685 = ORIENTED_EDGE('',*,*,#1686,.F.);
#1686 = EDGE_CURVE('',#602,#1679,#1687,.T.);
#1687 = LINE('',#1688,#1689);
#1688 = CARTESIAN_POINT('',(35.075,-35.575,0.));
#1689 = VECTOR('',#1690,1.);
#1690 = DIRECTION('',(0.,0.,1.));
#1691 = PLANE('',#1692);
#1692 = AXIS2_PLACEMENT_3D('',#1693,#1694,#1695);
#1693 = CARTESIAN_POINT('',(35.075,-35.575,0.));
#1694 = DIRECTION('',(0.,1.,0.));
#1695 = DIRECTION('',(-1.,0.,0.));
#1696 = ADVANCED_FACE('',(#1697),#1716,.F.);
#1697 = FACE_BOUND('',#1698,.F.);
#1698 = EDGE_LOOP('',(#1699,#1707,#1714,#1715));
#1699 = ORIENTED_EDGE('',*,*,#1700,.T.);
#1700 = EDGE_CURVE('',#610,#1701,#1703,.T.);
#1701 = VERTEX_POINT('',#1702);
#1702 = CARTESIAN_POINT('',(35.575,-35.075,1.5));
#1703 = LINE('',#1704,#1705);
#1704 = CARTESIAN_POINT('',(35.575,-35.075,0.));
#1705 = VECTOR('',#1706,1.);
#1706 = DIRECTION('',(0.,0.,1.));
#1707 = ORIENTED_EDGE('',*,*,#1708,.T.);
#1708 = EDGE_CURVE('',#1701,#1679,#1709,.T.);
#1709 = CIRCLE('',#1710,0.5);
#1710 = AXIS2_PLACEMENT_3D('',#1711,#1712,#1713);
#1711 = CARTESIAN_POINT('',(35.075,-35.075,1.5));
#1712 = DIRECTION('',(0.,0.,-1.));
#1713 = DIRECTION('',(0.,-1.,0.));
#1714 = ORIENTED_EDGE('',*,*,#1686,.F.);
#1715 = ORIENTED_EDGE('',*,*,#609,.F.);
#1716 = CYLINDRICAL_SURFACE('',#1717,0.5);
#1717 = AXIS2_PLACEMENT_3D('',#1718,#1719,#1720);
#1718 = CARTESIAN_POINT('',(35.075,-35.075,0.));
#1719 = DIRECTION('',(0.,0.,1.));
#1720 = DIRECTION('',(0.,-1.,0.));
#1721 = ADVANCED_FACE('',(#1722),#1740,.T.);
#1722 = FACE_BOUND('',#1723,.T.);
#1723 = EDGE_LOOP('',(#1724,#1725,#1726,#1734));
#1724 = ORIENTED_EDGE('',*,*,#618,.T.);
#1725 = ORIENTED_EDGE('',*,*,#1700,.T.);
#1726 = ORIENTED_EDGE('',*,*,#1727,.F.);
#1727 = EDGE_CURVE('',#1728,#1701,#1730,.T.);
#1728 = VERTEX_POINT('',#1729);
#1729 = CARTESIAN_POINT('',(35.575,-22.075,1.5));
#1730 = LINE('',#1731,#1732);
#1731 = CARTESIAN_POINT('',(35.575,-22.075,1.5));
#1732 = VECTOR('',#1733,1.);
#1733 = DIRECTION('',(0.,-1.,0.));
#1734 = ORIENTED_EDGE('',*,*,#1735,.F.);
#1735 = EDGE_CURVE('',#619,#1728,#1736,.T.);
#1736 = LINE('',#1737,#1738);
#1737 = CARTESIAN_POINT('',(35.575,-22.075,0.));
#1738 = VECTOR('',#1739,1.);
#1739 = DIRECTION('',(0.,0.,1.));
#1740 = PLANE('',#1741);
#1741 = AXIS2_PLACEMENT_3D('',#1742,#1743,#1744);
#1742 = CARTESIAN_POINT('',(35.575,-22.075,0.));
#1743 = DIRECTION('',(-1.,0.,0.));
#1744 = DIRECTION('',(0.,-1.,0.));
#1745 = ADVANCED_FACE('',(#1746),#1765,.F.);
#1746 = FACE_BOUND('',#1747,.F.);
#1747 = EDGE_LOOP('',(#1748,#1756,#1763,#1764));
#1748 = ORIENTED_EDGE('',*,*,#1749,.T.);
#1749 = EDGE_CURVE('',#627,#1750,#1752,.T.);
#1750 = VERTEX_POINT('',#1751);
#1751 = CARTESIAN_POINT('',(35.075,-21.575,1.5));
#1752 = LINE('',#1753,#1754);
#1753 = CARTESIAN_POINT('',(35.075,-21.575,0.));
#1754 = VECTOR('',#1755,1.);
#1755 = DIRECTION('',(0.,0.,1.));
#1756 = ORIENTED_EDGE('',*,*,#1757,.T.);
#1757 = EDGE_CURVE('',#1750,#1728,#1758,.T.);
#1758 = CIRCLE('',#1759,0.5);
#1759 = AXIS2_PLACEMENT_3D('',#1760,#1761,#1762);
#1760 = CARTESIAN_POINT('',(35.075,-22.075,1.5));
#1761 = DIRECTION('',(0.,0.,-1.));
#1762 = DIRECTION('',(1.,0.,0.));
#1763 = ORIENTED_EDGE('',*,*,#1735,.F.);
#1764 = ORIENTED_EDGE('',*,*,#626,.F.);
#1765 = CYLINDRICAL_SURFACE('',#1766,0.5);
#1766 = AXIS2_PLACEMENT_3D('',#1767,#1768,#1769);
#1767 = CARTESIAN_POINT('',(35.075,-22.075,0.));
#1768 = DIRECTION('',(0.,0.,1.));
#1769 = DIRECTION('',(1.,0.,-0.));
#1770 = ADVANCED_FACE('',(#1771),#1789,.T.);
#1771 = FACE_BOUND('',#1772,.T.);
#1772 = EDGE_LOOP('',(#1773,#1774,#1775,#1783));
#1773 = ORIENTED_EDGE('',*,*,#635,.T.);
#1774 = ORIENTED_EDGE('',*,*,#1749,.T.);
#1775 = ORIENTED_EDGE('',*,*,#1776,.F.);
#1776 = EDGE_CURVE('',#1777,#1750,#1779,.T.);
#1777 = VERTEX_POINT('',#1778);
#1778 = CARTESIAN_POINT('',(22.075,-21.575,1.5));
#1779 = LINE('',#1780,#1781);
#1780 = CARTESIAN_POINT('',(22.075,-21.575,1.5));
#1781 = VECTOR('',#1782,1.);
#1782 = DIRECTION('',(1.,0.,0.));
#1783 = ORIENTED_EDGE('',*,*,#1784,.F.);
#1784 = EDGE_CURVE('',#576,#1777,#1785,.T.);
#1785 = LINE('',#1786,#1787);
#1786 = CARTESIAN_POINT('',(22.075,-21.575,0.));
#1787 = VECTOR('',#1788,1.);
#1788 = DIRECTION('',(0.,0.,1.));
#1789 = PLANE('',#1790);
#1790 = AXIS2_PLACEMENT_3D('',#1791,#1792,#1793);
#1791 = CARTESIAN_POINT('',(22.075,-21.575,0.));
#1792 = DIRECTION('',(0.,-1.,0.));
#1793 = DIRECTION('',(1.,0.,0.));
#1794 = ADVANCED_FACE('',(#1795),#1807,.F.);
#1795 = FACE_BOUND('',#1796,.F.);
#1796 = EDGE_LOOP('',(#1797,#1798,#1805,#1806));
#1797 = ORIENTED_EDGE('',*,*,#1621,.T.);
#1798 = ORIENTED_EDGE('',*,*,#1799,.T.);
#1799 = EDGE_CURVE('',#1622,#1777,#1800,.T.);
#1800 = CIRCLE('',#1801,0.5);
#1801 = AXIS2_PLACEMENT_3D('',#1802,#1803,#1804);
#1802 = CARTESIAN_POINT('',(22.075,-22.075,1.5));
#1803 = DIRECTION('',(0.,0.,-1.));
#1804 = DIRECTION('',(0.,1.,0.));
#1805 = ORIENTED_EDGE('',*,*,#1784,.F.);
#1806 = ORIENTED_EDGE('',*,*,#573,.F.);
#1807 = CYLINDRICAL_SURFACE('',#1808,0.5);
#1808 = AXIS2_PLACEMENT_3D('',#1809,#1810,#1811);
#1809 = CARTESIAN_POINT('',(22.075,-22.075,0.));
#1810 = DIRECTION('',(0.,0.,1.));
#1811 = DIRECTION('',(0.,1.,0.));
#1812 = ADVANCED_FACE('',(#1813),#1838,.T.);
#1813 = FACE_BOUND('',#1814,.T.);
#1814 = EDGE_LOOP('',(#1815,#1816,#1824,#1832));
#1815 = ORIENTED_EDGE('',*,*,#514,.T.);
#1816 = ORIENTED_EDGE('',*,*,#1817,.T.);
#1817 = EDGE_CURVE('',#504,#1818,#1820,.T.);
#1818 = VERTEX_POINT('',#1819);
#1819 = CARTESIAN_POINT('',(40.625,-3.025,1.5));
#1820 = LINE('',#1821,#1822);
#1821 = CARTESIAN_POINT('',(40.625,-3.025,0.));
#1822 = VECTOR('',#1823,1.);
#1823 = DIRECTION('',(0.,0.,1.));
#1824 = ORIENTED_EDGE('',*,*,#1825,.F.);
#1825 = EDGE_CURVE('',#1826,#1818,#1828,.T.);
#1826 = VERTEX_POINT('',#1827);
#1827 = CARTESIAN_POINT('',(40.625,-16.025,1.5));
#1828 = LINE('',#1829,#1830);
#1829 = CARTESIAN_POINT('',(40.625,-3.025,1.5));
#1830 = VECTOR('',#1831,1.);
#1831 = DIRECTION('',(0.,1.,0.));
#1832 = ORIENTED_EDGE('',*,*,#1833,.F.);
#1833 = EDGE_CURVE('',#515,#1826,#1834,.T.);
#1834 = LINE('',#1835,#1836);
#1835 = CARTESIAN_POINT('',(40.625,-16.025,0.));
#1836 = VECTOR('',#1837,1.);
#1837 = DIRECTION('',(0.,0.,1.));
#1838 = PLANE('',#1839);
#1839 = AXIS2_PLACEMENT_3D('',#1840,#1841,#1842);
#1840 = CARTESIAN_POINT('',(40.625,-16.025,0.));
#1841 = DIRECTION('',(1.,0.,0.));
#1842 = DIRECTION('',(-0.,1.,0.));
#1843 = ADVANCED_FACE('',(#1844),#1863,.F.);
#1844 = FACE_BOUND('',#1845,.F.);
#1845 = EDGE_LOOP('',(#1846,#1854,#1861,#1862));
#1846 = ORIENTED_EDGE('',*,*,#1847,.T.);
#1847 = EDGE_CURVE('',#523,#1848,#1850,.T.);
#1848 = VERTEX_POINT('',#1849);
#1849 = CARTESIAN_POINT('',(41.125,-16.525,1.5));
#1850 = LINE('',#1851,#1852);
#1851 = CARTESIAN_POINT('',(41.125,-16.525,0.));
#1852 = VECTOR('',#1853,1.);
#1853 = DIRECTION('',(0.,0.,1.));
#1854 = ORIENTED_EDGE('',*,*,#1855,.T.);
#1855 = EDGE_CURVE('',#1848,#1826,#1856,.T.);
#1856 = CIRCLE('',#1857,0.5);
#1857 = AXIS2_PLACEMENT_3D('',#1858,#1859,#1860);
#1858 = CARTESIAN_POINT('',(41.125,-16.025,1.5));
#1859 = DIRECTION('',(0.,0.,-1.));
#1860 = DIRECTION('',(-1.,0.,0.));
#1861 = ORIENTED_EDGE('',*,*,#1833,.F.);
#1862 = ORIENTED_EDGE('',*,*,#522,.F.);
#1863 = CYLINDRICAL_SURFACE('',#1864,0.5);
#1864 = AXIS2_PLACEMENT_3D('',#1865,#1866,#1867);
#1865 = CARTESIAN_POINT('',(41.125,-16.025,0.));
#1866 = DIRECTION('',(0.,0.,1.));
#1867 = DIRECTION('',(-1.,0.,0.));
#1868 = ADVANCED_FACE('',(#1869),#1887,.T.);
#1869 = FACE_BOUND('',#1870,.T.);
#1870 = EDGE_LOOP('',(#1871,#1872,#1873,#1881));
#1871 = ORIENTED_EDGE('',*,*,#531,.T.);
#1872 = ORIENTED_EDGE('',*,*,#1847,.T.);
#1873 = ORIENTED_EDGE('',*,*,#1874,.F.);
#1874 = EDGE_CURVE('',#1875,#1848,#1877,.T.);
#1875 = VERTEX_POINT('',#1876);
#1876 = CARTESIAN_POINT('',(54.125,-16.525,1.5));
#1877 = LINE('',#1878,#1879);
#1878 = CARTESIAN_POINT('',(41.125,-16.525,1.5));
#1879 = VECTOR('',#1880,1.);
#1880 = DIRECTION('',(-1.,0.,0.));
#1881 = ORIENTED_EDGE('',*,*,#1882,.F.);
#1882 = EDGE_CURVE('',#532,#1875,#1883,.T.);
#1883 = LINE('',#1884,#1885);
#1884 = CARTESIAN_POINT('',(54.125,-16.525,0.));
#1885 = VECTOR('',#1886,1.);
#1886 = DIRECTION('',(0.,0.,1.));
#1887 = PLANE('',#1888);
#1888 = AXIS2_PLACEMENT_3D('',#1889,#1890,#1891);
#1889 = CARTESIAN_POINT('',(54.125,-16.525,0.));
#1890 = DIRECTION('',(0.,1.,0.));
#1891 = DIRECTION('',(-1.,0.,0.));
#1892 = ADVANCED_FACE('',(#1893),#1912,.F.);
#1893 = FACE_BOUND('',#1894,.F.);
#1894 = EDGE_LOOP('',(#1895,#1903,#1910,#1911));
#1895 = ORIENTED_EDGE('',*,*,#1896,.T.);
#1896 = EDGE_CURVE('',#540,#1897,#1899,.T.);
#1897 = VERTEX_POINT('',#1898);
#1898 = CARTESIAN_POINT('',(54.625,-16.025,1.5));
#1899 = LINE('',#1900,#1901);
#1900 = CARTESIAN_POINT('',(54.625,-16.025,0.));
#1901 = VECTOR('',#1902,1.);
#1902 = DIRECTION('',(0.,0.,1.));
#1903 = ORIENTED_EDGE('',*,*,#1904,.T.);
#1904 = EDGE_CURVE('',#1897,#1875,#1905,.T.);
#1905 = CIRCLE('',#1906,0.5);
#1906 = AXIS2_PLACEMENT_3D('',#1907,#1908,#1909);
#1907 = CARTESIAN_POINT('',(54.125,-16.025,1.5));
#1908 = DIRECTION('',(0.,0.,-1.));
#1909 = DIRECTION('',(0.,-1.,0.));
#1910 = ORIENTED_EDGE('',*,*,#1882,.F.);
#1911 = ORIENTED_EDGE('',*,*,#539,.F.);
#1912 = CYLINDRICAL_SURFACE('',#1913,0.5);
#1913 = AXIS2_PLACEMENT_3D('',#1914,#1915,#1916);
#1914 = CARTESIAN_POINT('',(54.125,-16.025,0.));
#1915 = DIRECTION('',(0.,0.,1.));
#1916 = DIRECTION('',(0.,-1.,0.));
#1917 = ADVANCED_FACE('',(#1918),#1936,.T.);
#1918 = FACE_BOUND('',#1919,.T.);
#1919 = EDGE_LOOP('',(#1920,#1921,#1922,#1930));
#1920 = ORIENTED_EDGE('',*,*,#548,.T.);
#1921 = ORIENTED_EDGE('',*,*,#1896,.T.);
#1922 = ORIENTED_EDGE('',*,*,#1923,.F.);
#1923 = EDGE_CURVE('',#1924,#1897,#1926,.T.);
#1924 = VERTEX_POINT('',#1925);
#1925 = CARTESIAN_POINT('',(54.625,-3.025,1.5));
#1926 = LINE('',#1927,#1928);
#1927 = CARTESIAN_POINT('',(54.625,-3.025,1.5));
#1928 = VECTOR('',#1929,1.);
#1929 = DIRECTION('',(0.,-1.,0.));
#1930 = ORIENTED_EDGE('',*,*,#1931,.F.);
#1931 = EDGE_CURVE('',#549,#1924,#1932,.T.);
#1932 = LINE('',#1933,#1934);
#1933 = CARTESIAN_POINT('',(54.625,-3.025,0.));
#1934 = VECTOR('',#1935,1.);
#1935 = DIRECTION('',(0.,0.,1.));
#1936 = PLANE('',#1937);
#1937 = AXIS2_PLACEMENT_3D('',#1938,#1939,#1940);
#1938 = CARTESIAN_POINT('',(54.625,-3.025,0.));
#1939 = DIRECTION('',(-1.,0.,0.));
#1940 = DIRECTION('',(0.,-1.,0.));
#1941 = ADVANCED_FACE('',(#1942),#1961,.F.);
#1942 = FACE_BOUND('',#1943,.F.);
#1943 = EDGE_LOOP('',(#1944,#1952,#1959,#1960));
#1944 = ORIENTED_EDGE('',*,*,#1945,.T.);
#1945 = EDGE_CURVE('',#557,#1946,#1948,.T.);
#1946 = VERTEX_POINT('',#1947);
#1947 = CARTESIAN_POINT('',(54.125,-2.525,1.5));
#1948 = LINE('',#1949,#1950);
#1949 = CARTESIAN_POINT('',(54.125,-2.525,0.));
#1950 = VECTOR('',#1951,1.);
#1951 = DIRECTION('',(0.,0.,1.));
#1952 = ORIENTED_EDGE('',*,*,#1953,.T.);
#1953 = EDGE_CURVE('',#1946,#1924,#1954,.T.);
#1954 = CIRCLE('',#1955,0.5);
#1955 = AXIS2_PLACEMENT_3D('',#1956,#1957,#1958);
#1956 = CARTESIAN_POINT('',(54.125,-3.025,1.5));
#1957 = DIRECTION('',(0.,0.,-1.));
#1958 = DIRECTION('',(1.,0.,0.));
#1959 = ORIENTED_EDGE('',*,*,#1931,.F.);
#1960 = ORIENTED_EDGE('',*,*,#556,.F.);
#1961 = CYLINDRICAL_SURFACE('',#1962,0.5);
#1962 = AXIS2_PLACEMENT_3D('',#1963,#1964,#1965);
#1963 = CARTESIAN_POINT('',(54.125,-3.025,0.));
#1964 = DIRECTION('',(0.,0.,1.));
#1965 = DIRECTION('',(1.,0.,-0.));
#1966 = ADVANCED_FACE('',(#1967),#1985,.T.);
#1967 = FACE_BOUND('',#1968,.T.);
#1968 = EDGE_LOOP('',(#1969,#1970,#1971,#1979));
#1969 = ORIENTED_EDGE('',*,*,#565,.T.);
#1970 = ORIENTED_EDGE('',*,*,#1945,.T.);
#1971 = ORIENTED_EDGE('',*,*,#1972,.F.);
#1972 = EDGE_CURVE('',#1973,#1946,#1975,.T.);
#1973 = VERTEX_POINT('',#1974);
#1974 = CARTESIAN_POINT('',(41.125,-2.525,1.5));
#1975 = LINE('',#1976,#1977);
#1976 = CARTESIAN_POINT('',(41.125,-2.525,1.5));
#1977 = VECTOR('',#1978,1.);
#1978 = DIRECTION('',(1.,0.,0.));
#1979 = ORIENTED_EDGE('',*,*,#1980,.F.);
#1980 = EDGE_CURVE('',#506,#1973,#1981,.T.);
#1981 = LINE('',#1982,#1983);
#1982 = CARTESIAN_POINT('',(41.125,-2.525,0.));
#1983 = VECTOR('',#1984,1.);
#1984 = DIRECTION('',(0.,0.,1.));
#1985 = PLANE('',#1986);
#1986 = AXIS2_PLACEMENT_3D('',#1987,#1988,#1989);
#1987 = CARTESIAN_POINT('',(41.125,-2.525,0.));
#1988 = DIRECTION('',(0.,-1.,0.));
#1989 = DIRECTION('',(1.,0.,0.));
#1990 = ADVANCED_FACE('',(#1991),#2003,.F.);
#1991 = FACE_BOUND('',#1992,.F.);
#1992 = EDGE_LOOP('',(#1993,#1994,#2001,#2002));
#1993 = ORIENTED_EDGE('',*,*,#1817,.T.);
#1994 = ORIENTED_EDGE('',*,*,#1995,.T.);
#1995 = EDGE_CURVE('',#1818,#1973,#1996,.T.);
#1996 = CIRCLE('',#1997,0.5);
#1997 = AXIS2_PLACEMENT_3D('',#1998,#1999,#2000);
#1998 = CARTESIAN_POINT('',(41.125,-3.025,1.5));
#1999 = DIRECTION('',(0.,0.,-1.));
#2000 = DIRECTION('',(0.,1.,0.));
#2001 = ORIENTED_EDGE('',*,*,#1980,.F.);
#2002 = ORIENTED_EDGE('',*,*,#503,.F.);
#2003 = CYLINDRICAL_SURFACE('',#2004,0.5);
#2004 = AXIS2_PLACEMENT_3D('',#2005,#2006,#2007);
#2005 = CARTESIAN_POINT('',(41.125,-3.025,0.));
#2006 = DIRECTION('',(0.,0.,1.));
#2007 = DIRECTION('',(0.,1.,0.));
#2008 = ADVANCED_FACE('',(#2009),#2034,.T.);
#2009 = FACE_BOUND('',#2010,.T.);
#2010 = EDGE_LOOP('',(#2011,#2012,#2020,#2028));
#2011 = ORIENTED_EDGE('',*,*,#444,.T.);
#2012 = ORIENTED_EDGE('',*,*,#2013,.T.);
#2013 = EDGE_CURVE('',#434,#2014,#2016,.T.);
#2014 = VERTEX_POINT('',#2015);
#2015 = CARTESIAN_POINT('',(2.525,-3.025,1.5));
#2016 = LINE('',#2017,#2018);
#2017 = CARTESIAN_POINT('',(2.525,-3.025,0.));
#2018 = VECTOR('',#2019,1.);
#2019 = DIRECTION('',(0.,0.,1.));
#2020 = ORIENTED_EDGE('',*,*,#2021,.F.);
#2021 = EDGE_CURVE('',#2022,#2014,#2024,.T.);
#2022 = VERTEX_POINT('',#2023);
#2023 = CARTESIAN_POINT('',(2.525,-16.025,1.5));
#2024 = LINE('',#2025,#2026);
#2025 = CARTESIAN_POINT('',(2.525,-3.025,1.5));
#2026 = VECTOR('',#2027,1.);
#2027 = DIRECTION('',(0.,1.,0.));
#2028 = ORIENTED_EDGE('',*,*,#2029,.F.);
#2029 = EDGE_CURVE('',#445,#2022,#2030,.T.);
#2030 = LINE('',#2031,#2032);
#2031 = CARTESIAN_POINT('',(2.525,-16.025,0.));
#2032 = VECTOR('',#2033,1.);
#2033 = DIRECTION('',(0.,0.,1.));
#2034 = PLANE('',#2035);
#2035 = AXIS2_PLACEMENT_3D('',#2036,#2037,#2038);
#2036 = CARTESIAN_POINT('',(2.525,-16.025,0.));
#2037 = DIRECTION('',(1.,0.,0.));
#2038 = DIRECTION('',(-0.,1.,0.));
#2039 = ADVANCED_FACE('',(#2040),#2059,.F.);
#2040 = FACE_BOUND('',#2041,.F.);
#2041 = EDGE_LOOP('',(#2042,#2050,#2057,#2058));
#2042 = ORIENTED_EDGE('',*,*,#2043,.T.);
#2043 = EDGE_CURVE('',#453,#2044,#2046,.T.);
#2044 = VERTEX_POINT('',#2045);
#2045 = CARTESIAN_POINT('',(3.025,-16.525,1.5));
#2046 = LINE('',#2047,#2048);
#2047 = CARTESIAN_POINT('',(3.025,-16.525,0.));
#2048 = VECTOR('',#2049,1.);
#2049 = DIRECTION('',(0.,0.,1.));
#2050 = ORIENTED_EDGE('',*,*,#2051,.T.);
#2051 = EDGE_CURVE('',#2044,#2022,#2052,.T.);
#2052 = CIRCLE('',#2053,0.5);
#2053 = AXIS2_PLACEMENT_3D('',#2054,#2055,#2056);
#2054 = CARTESIAN_POINT('',(3.025,-16.025,1.5));
#2055 = DIRECTION('',(0.,0.,-1.));
#2056 = DIRECTION('',(-1.,0.,0.));
#2057 = ORIENTED_EDGE('',*,*,#2029,.F.);
#2058 = ORIENTED_EDGE('',*,*,#452,.F.);
#2059 = CYLINDRICAL_SURFACE('',#2060,0.5);
#2060 = AXIS2_PLACEMENT_3D('',#2061,#2062,#2063);
#2061 = CARTESIAN_POINT('',(3.025,-16.025,0.));
#2062 = DIRECTION('',(0.,0.,1.));
#2063 = DIRECTION('',(-1.,0.,0.));
#2064 = ADVANCED_FACE('',(#2065),#2083,.T.);
#2065 = FACE_BOUND('',#2066,.T.);
#2066 = EDGE_LOOP('',(#2067,#2068,#2069,#2077));
#2067 = ORIENTED_EDGE('',*,*,#461,.T.);
#2068 = ORIENTED_EDGE('',*,*,#2043,.T.);
#2069 = ORIENTED_EDGE('',*,*,#2070,.F.);
#2070 = EDGE_CURVE('',#2071,#2044,#2073,.T.);
#2071 = VERTEX_POINT('',#2072);
#2072 = CARTESIAN_POINT('',(16.025,-16.525,1.5));
#2073 = LINE('',#2074,#2075);
#2074 = CARTESIAN_POINT('',(3.025,-16.525,1.5));
#2075 = VECTOR('',#2076,1.);
#2076 = DIRECTION('',(-1.,0.,0.));
#2077 = ORIENTED_EDGE('',*,*,#2078,.F.);
#2078 = EDGE_CURVE('',#462,#2071,#2079,.T.);
#2079 = LINE('',#2080,#2081);
#2080 = CARTESIAN_POINT('',(16.025,-16.525,0.));
#2081 = VECTOR('',#2082,1.);
#2082 = DIRECTION('',(0.,0.,1.));
#2083 = PLANE('',#2084);
#2084 = AXIS2_PLACEMENT_3D('',#2085,#2086,#2087);
#2085 = CARTESIAN_POINT('',(16.025,-16.525,0.));
#2086 = DIRECTION('',(0.,1.,0.));
#2087 = DIRECTION('',(-1.,0.,0.));
#2088 = ADVANCED_FACE('',(#2089),#2108,.F.);
#2089 = FACE_BOUND('',#2090,.F.);
#2090 = EDGE_LOOP('',(#2091,#2099,#2106,#2107));
#2091 = ORIENTED_EDGE('',*,*,#2092,.T.);
#2092 = EDGE_CURVE('',#470,#2093,#2095,.T.);
#2093 = VERTEX_POINT('',#2094);
#2094 = CARTESIAN_POINT('',(16.525,-16.025,1.5));
#2095 = LINE('',#2096,#2097);
#2096 = CARTESIAN_POINT('',(16.525,-16.025,0.));
#2097 = VECTOR('',#2098,1.);
#2098 = DIRECTION('',(0.,0.,1.));
#2099 = ORIENTED_EDGE('',*,*,#2100,.T.);
#2100 = EDGE_CURVE('',#2093,#2071,#2101,.T.);
#2101 = CIRCLE('',#2102,0.5);
#2102 = AXIS2_PLACEMENT_3D('',#2103,#2104,#2105);
#2103 = CARTESIAN_POINT('',(16.025,-16.025,1.5));
#2104 = DIRECTION('',(0.,0.,-1.));
#2105 = DIRECTION('',(0.,-1.,0.));
#2106 = ORIENTED_EDGE('',*,*,#2078,.F.);
#2107 = ORIENTED_EDGE('',*,*,#469,.F.);
#2108 = CYLINDRICAL_SURFACE('',#2109,0.5);
#2109 = AXIS2_PLACEMENT_3D('',#2110,#2111,#2112);
#2110 = CARTESIAN_POINT('',(16.025,-16.025,0.));
#2111 = DIRECTION('',(0.,0.,1.));
#2112 = DIRECTION('',(0.,-1.,0.));
#2113 = ADVANCED_FACE('',(#2114),#2132,.T.);
#2114 = FACE_BOUND('',#2115,.T.);
#2115 = EDGE_LOOP('',(#2116,#2117,#2118,#2126));
#2116 = ORIENTED_EDGE('',*,*,#478,.T.);
#2117 = ORIENTED_EDGE('',*,*,#2092,.T.);
#2118 = ORIENTED_EDGE('',*,*,#2119,.F.);
#2119 = EDGE_CURVE('',#2120,#2093,#2122,.T.);
#2120 = VERTEX_POINT('',#2121);
#2121 = CARTESIAN_POINT('',(16.525,-3.025,1.5));
#2122 = LINE('',#2123,#2124);
#2123 = CARTESIAN_POINT('',(16.525,-3.025,1.5));
#2124 = VECTOR('',#2125,1.);
#2125 = DIRECTION('',(0.,-1.,0.));
#2126 = ORIENTED_EDGE('',*,*,#2127,.F.);
#2127 = EDGE_CURVE('',#479,#2120,#2128,.T.);
#2128 = LINE('',#2129,#2130);
#2129 = CARTESIAN_POINT('',(16.525,-3.025,0.));
#2130 = VECTOR('',#2131,1.);
#2131 = DIRECTION('',(0.,0.,1.));
#2132 = PLANE('',#2133);
#2133 = AXIS2_PLACEMENT_3D('',#2134,#2135,#2136);
#2134 = CARTESIAN_POINT('',(16.525,-3.025,0.));
#2135 = DIRECTION('',(-1.,0.,0.));
#2136 = DIRECTION('',(0.,-1.,0.));
#2137 = ADVANCED_FACE('',(#2138),#2157,.F.);
#2138 = FACE_BOUND('',#2139,.F.);
#2139 = EDGE_LOOP('',(#2140,#2148,#2155,#2156));
#2140 = ORIENTED_EDGE('',*,*,#2141,.T.);
#2141 = EDGE_CURVE('',#487,#2142,#2144,.T.);
#2142 = VERTEX_POINT('',#2143);
#2143 = CARTESIAN_POINT('',(16.025,-2.525,1.5));
#2144 = LINE('',#2145,#2146);
#2145 = CARTESIAN_POINT('',(16.025,-2.525,0.));
#2146 = VECTOR('',#2147,1.);
#2147 = DIRECTION('',(0.,0.,1.));
#2148 = ORIENTED_EDGE('',*,*,#2149,.T.);
#2149 = EDGE_CURVE('',#2142,#2120,#2150,.T.);
#2150 = CIRCLE('',#2151,0.5);
#2151 = AXIS2_PLACEMENT_3D('',#2152,#2153,#2154);
#2152 = CARTESIAN_POINT('',(16.025,-3.025,1.5));
#2153 = DIRECTION('',(0.,0.,-1.));
#2154 = DIRECTION('',(1.,0.,0.));
#2155 = ORIENTED_EDGE('',*,*,#2127,.F.);
#2156 = ORIENTED_EDGE('',*,*,#486,.F.);
#2157 = CYLINDRICAL_SURFACE('',#2158,0.5);
#2158 = AXIS2_PLACEMENT_3D('',#2159,#2160,#2161);
#2159 = CARTESIAN_POINT('',(16.025,-3.025,0.));
#2160 = DIRECTION('',(0.,0.,1.));
#2161 = DIRECTION('',(1.,0.,-0.));
#2162 = ADVANCED_FACE('',(#2163),#2181,.T.);
#2163 = FACE_BOUND('',#2164,.T.);
#2164 = EDGE_LOOP('',(#2165,#2166,#2167,#2175));
#2165 = ORIENTED_EDGE('',*,*,#495,.T.);
#2166 = ORIENTED_EDGE('',*,*,#2141,.T.);
#2167 = ORIENTED_EDGE('',*,*,#2168,.F.);
#2168 = EDGE_CURVE('',#2169,#2142,#2171,.T.);
#2169 = VERTEX_POINT('',#2170);
#2170 = CARTESIAN_POINT('',(3.025,-2.525,1.5));
#2171 = LINE('',#2172,#2173);
#2172 = CARTESIAN_POINT('',(3.025,-2.525,1.5));
#2173 = VECTOR('',#2174,1.);
#2174 = DIRECTION('',(1.,0.,0.));
#2175 = ORIENTED_EDGE('',*,*,#2176,.F.);
#2176 = EDGE_CURVE('',#436,#2169,#2177,.T.);
#2177 = LINE('',#2178,#2179);
#2178 = CARTESIAN_POINT('',(3.025,-2.525,0.));
#2179 = VECTOR('',#2180,1.);
#2180 = DIRECTION('',(0.,0.,1.));
#2181 = PLANE('',#2182);
#2182 = AXIS2_PLACEMENT_3D('',#2183,#2184,#2185);
#2183 = CARTESIAN_POINT('',(3.025,-2.525,0.));
#2184 = DIRECTION('',(0.,-1.,0.));
#2185 = DIRECTION('',(1.,0.,0.));
#2186 = ADVANCED_FACE('',(#2187),#2199,.F.);
#2187 = FACE_BOUND('',#2188,.F.);
#2188 = EDGE_LOOP('',(#2189,#2190,#2197,#2198));
#2189 = ORIENTED_EDGE('',*,*,#2013,.T.);
#2190 = ORIENTED_EDGE('',*,*,#2191,.T.);
#2191 = EDGE_CURVE('',#2014,#2169,#2192,.T.);
#2192 = CIRCLE('',#2193,0.5);
#2193 = AXIS2_PLACEMENT_3D('',#2194,#2195,#2196);
#2194 = CARTESIAN_POINT('',(3.025,-3.025,1.5));
#2195 = DIRECTION('',(0.,0.,-1.));
#2196 = DIRECTION('',(0.,1.,0.));
#2197 = ORIENTED_EDGE('',*,*,#2176,.F.);
#2198 = ORIENTED_EDGE('',*,*,#433,.F.);
#2199 = CYLINDRICAL_SURFACE('',#2200,0.5);
#2200 = AXIS2_PLACEMENT_3D('',#2201,#2202,#2203);
#2201 = CARTESIAN_POINT('',(3.025,-3.025,0.));
#2202 = DIRECTION('',(0.,0.,1.));
#2203 = DIRECTION('',(0.,1.,0.));
#2204 = ADVANCED_FACE('',(#2205),#2230,.T.);
#2205 = FACE_BOUND('',#2206,.T.);
#2206 = EDGE_LOOP('',(#2207,#2208,#2216,#2224));
#2207 = ORIENTED_EDGE('',*,*,#374,.T.);
#2208 = ORIENTED_EDGE('',*,*,#2209,.T.);
#2209 = EDGE_CURVE('',#364,#2210,#2212,.T.);
#2210 = VERTEX_POINT('',#2211);
#2211 = CARTESIAN_POINT('',(2.525,-22.075,1.5));
#2212 = LINE('',#2213,#2214);
#2213 = CARTESIAN_POINT('',(2.525,-22.075,0.));
#2214 = VECTOR('',#2215,1.);
#2215 = DIRECTION('',(0.,0.,1.));
#2216 = ORIENTED_EDGE('',*,*,#2217,.F.);
#2217 = EDGE_CURVE('',#2218,#2210,#2220,.T.);
#2218 = VERTEX_POINT('',#2219);
#2219 = CARTESIAN_POINT('',(2.525,-35.075,1.5));
#2220 = LINE('',#2221,#2222);
#2221 = CARTESIAN_POINT('',(2.525,-22.075,1.5));
#2222 = VECTOR('',#2223,1.);
#2223 = DIRECTION('',(0.,1.,0.));
#2224 = ORIENTED_EDGE('',*,*,#2225,.F.);
#2225 = EDGE_CURVE('',#375,#2218,#2226,.T.);
#2226 = LINE('',#2227,#2228);
#2227 = CARTESIAN_POINT('',(2.525,-35.075,0.));
#2228 = VECTOR('',#2229,1.);
#2229 = DIRECTION('',(0.,0.,1.));
#2230 = PLANE('',#2231);
#2231 = AXIS2_PLACEMENT_3D('',#2232,#2233,#2234);
#2232 = CARTESIAN_POINT('',(2.525,-35.075,0.));
#2233 = DIRECTION('',(1.,0.,0.));
#2234 = DIRECTION('',(-0.,1.,0.));
#2235 = ADVANCED_FACE('',(#2236),#2255,.F.);
#2236 = FACE_BOUND('',#2237,.F.);
#2237 = EDGE_LOOP('',(#2238,#2246,#2253,#2254));
#2238 = ORIENTED_EDGE('',*,*,#2239,.T.);
#2239 = EDGE_CURVE('',#383,#2240,#2242,.T.);
#2240 = VERTEX_POINT('',#2241);
#2241 = CARTESIAN_POINT('',(3.025,-35.575,1.5));
#2242 = LINE('',#2243,#2244);
#2243 = CARTESIAN_POINT('',(3.025,-35.575,0.));
#2244 = VECTOR('',#2245,1.);
#2245 = DIRECTION('',(0.,0.,1.));
#2246 = ORIENTED_EDGE('',*,*,#2247,.T.);
#2247 = EDGE_CURVE('',#2240,#2218,#2248,.T.);
#2248 = CIRCLE('',#2249,0.5);
#2249 = AXIS2_PLACEMENT_3D('',#2250,#2251,#2252);
#2250 = CARTESIAN_POINT('',(3.025,-35.075,1.5));
#2251 = DIRECTION('',(0.,0.,-1.));
#2252 = DIRECTION('',(-1.,0.,0.));
#2253 = ORIENTED_EDGE('',*,*,#2225,.F.);
#2254 = ORIENTED_EDGE('',*,*,#382,.F.);
#2255 = CYLINDRICAL_SURFACE('',#2256,0.5);
#2256 = AXIS2_PLACEMENT_3D('',#2257,#2258,#2259);
#2257 = CARTESIAN_POINT('',(3.025,-35.075,0.));
#2258 = DIRECTION('',(0.,0.,1.));
#2259 = DIRECTION('',(-1.,0.,0.));
#2260 = ADVANCED_FACE('',(#2261),#2279,.T.);
#2261 = FACE_BOUND('',#2262,.T.);
#2262 = EDGE_LOOP('',(#2263,#2264,#2265,#2273));
#2263 = ORIENTED_EDGE('',*,*,#391,.T.);
#2264 = ORIENTED_EDGE('',*,*,#2239,.T.);
#2265 = ORIENTED_EDGE('',*,*,#2266,.F.);
#2266 = EDGE_CURVE('',#2267,#2240,#2269,.T.);
#2267 = VERTEX_POINT('',#2268);
#2268 = CARTESIAN_POINT('',(16.025,-35.575,1.5));
#2269 = LINE('',#2270,#2271);
#2270 = CARTESIAN_POINT('',(3.025,-35.575,1.5));
#2271 = VECTOR('',#2272,1.);
#2272 = DIRECTION('',(-1.,0.,0.));
#2273 = ORIENTED_EDGE('',*,*,#2274,.F.);
#2274 = EDGE_CURVE('',#392,#2267,#2275,.T.);
#2275 = LINE('',#2276,#2277);
#2276 = CARTESIAN_POINT('',(16.025,-35.575,0.));
#2277 = VECTOR('',#2278,1.);
#2278 = DIRECTION('',(0.,0.,1.));
#2279 = PLANE('',#2280);
#2280 = AXIS2_PLACEMENT_3D('',#2281,#2282,#2283);
#2281 = CARTESIAN_POINT('',(16.025,-35.575,0.));
#2282 = DIRECTION('',(0.,1.,0.));
#2283 = DIRECTION('',(-1.,0.,0.));
#2284 = ADVANCED_FACE('',(#2285),#2304,.F.);
#2285 = FACE_BOUND('',#2286,.F.);
#2286 = EDGE_LOOP('',(#2287,#2295,#2302,#2303));
#2287 = ORIENTED_EDGE('',*,*,#2288,.T.);
#2288 = EDGE_CURVE('',#400,#2289,#2291,.T.);
#2289 = VERTEX_POINT('',#2290);
#2290 = CARTESIAN_POINT('',(16.525,-35.075,1.5));
#2291 = LINE('',#2292,#2293);
#2292 = CARTESIAN_POINT('',(16.525,-35.075,0.));
#2293 = VECTOR('',#2294,1.);
#2294 = DIRECTION('',(0.,0.,1.));
#2295 = ORIENTED_EDGE('',*,*,#2296,.T.);
#2296 = EDGE_CURVE('',#2289,#2267,#2297,.T.);
#2297 = CIRCLE('',#2298,0.5);
#2298 = AXIS2_PLACEMENT_3D('',#2299,#2300,#2301);
#2299 = CARTESIAN_POINT('',(16.025,-35.075,1.5));
#2300 = DIRECTION('',(0.,0.,-1.));
#2301 = DIRECTION('',(0.,-1.,0.));
#2302 = ORIENTED_EDGE('',*,*,#2274,.F.);
#2303 = ORIENTED_EDGE('',*,*,#399,.F.);
#2304 = CYLINDRICAL_SURFACE('',#2305,0.5);
#2305 = AXIS2_PLACEMENT_3D('',#2306,#2307,#2308);
#2306 = CARTESIAN_POINT('',(16.025,-35.075,0.));
#2307 = DIRECTION('',(0.,0.,1.));
#2308 = DIRECTION('',(0.,-1.,0.));
#2309 = ADVANCED_FACE('',(#2310),#2328,.T.);
#2310 = FACE_BOUND('',#2311,.T.);
#2311 = EDGE_LOOP('',(#2312,#2313,#2314,#2322));
#2312 = ORIENTED_EDGE('',*,*,#408,.T.);
#2313 = ORIENTED_EDGE('',*,*,#2288,.T.);
#2314 = ORIENTED_EDGE('',*,*,#2315,.F.);
#2315 = EDGE_CURVE('',#2316,#2289,#2318,.T.);
#2316 = VERTEX_POINT('',#2317);
#2317 = CARTESIAN_POINT('',(16.525,-22.075,1.5));
#2318 = LINE('',#2319,#2320);
#2319 = CARTESIAN_POINT('',(16.525,-22.075,1.5));
#2320 = VECTOR('',#2321,1.);
#2321 = DIRECTION('',(0.,-1.,0.));
#2322 = ORIENTED_EDGE('',*,*,#2323,.F.);
#2323 = EDGE_CURVE('',#409,#2316,#2324,.T.);
#2324 = LINE('',#2325,#2326);
#2325 = CARTESIAN_POINT('',(16.525,-22.075,0.));
#2326 = VECTOR('',#2327,1.);
#2327 = DIRECTION('',(0.,0.,1.));
#2328 = PLANE('',#2329);
#2329 = AXIS2_PLACEMENT_3D('',#2330,#2331,#2332);
#2330 = CARTESIAN_POINT('',(16.525,-22.075,0.));
#2331 = DIRECTION('',(-1.,0.,0.));
#2332 = DIRECTION('',(0.,-1.,0.));
#2333 = ADVANCED_FACE('',(#2334),#2353,.F.);
#2334 = FACE_BOUND('',#2335,.F.);
#2335 = EDGE_LOOP('',(#2336,#2344,#2351,#2352));
#2336 = ORIENTED_EDGE('',*,*,#2337,.T.);
#2337 = EDGE_CURVE('',#417,#2338,#2340,.T.);
#2338 = VERTEX_POINT('',#2339);
#2339 = CARTESIAN_POINT('',(16.025,-21.575,1.5));
#2340 = LINE('',#2341,#2342);
#2341 = CARTESIAN_POINT('',(16.025,-21.575,0.));
#2342 = VECTOR('',#2343,1.);
#2343 = DIRECTION('',(0.,0.,1.));
#2344 = ORIENTED_EDGE('',*,*,#2345,.T.);
#2345 = EDGE_CURVE('',#2338,#2316,#2346,.T.);
#2346 = CIRCLE('',#2347,0.5);
#2347 = AXIS2_PLACEMENT_3D('',#2348,#2349,#2350);
#2348 = CARTESIAN_POINT('',(16.025,-22.075,1.5));
#2349 = DIRECTION('',(0.,0.,-1.));
#2350 = DIRECTION('',(1.,0.,0.));
#2351 = ORIENTED_EDGE('',*,*,#2323,.F.);
#2352 = ORIENTED_EDGE('',*,*,#416,.F.);
#2353 = CYLINDRICAL_SURFACE('',#2354,0.5);
#2354 = AXIS2_PLACEMENT_3D('',#2355,#2356,#2357);
#2355 = CARTESIAN_POINT('',(16.025,-22.075,0.));
#2356 = DIRECTION('',(0.,0.,1.));
#2357 = DIRECTION('',(1.,0.,-0.));
#2358 = ADVANCED_FACE('',(#2359),#2377,.T.);
#2359 = FACE_BOUND('',#2360,.T.);
#2360 = EDGE_LOOP('',(#2361,#2362,#2363,#2371));
#2361 = ORIENTED_EDGE('',*,*,#425,.T.);
#2362 = ORIENTED_EDGE('',*,*,#2337,.T.);
#2363 = ORIENTED_EDGE('',*,*,#2364,.F.);
#2364 = EDGE_CURVE('',#2365,#2338,#2367,.T.);
#2365 = VERTEX_POINT('',#2366);
#2366 = CARTESIAN_POINT('',(3.025,-21.575,1.5));
#2367 = LINE('',#2368,#2369);
#2368 = CARTESIAN_POINT('',(3.025,-21.575,1.5));
#2369 = VECTOR('',#2370,1.);
#2370 = DIRECTION('',(1.,0.,0.));
#2371 = ORIENTED_EDGE('',*,*,#2372,.F.);
#2372 = EDGE_CURVE('',#366,#2365,#2373,.T.);
#2373 = LINE('',#2374,#2375);
#2374 = CARTESIAN_POINT('',(3.025,-21.575,0.));
#2375 = VECTOR('',#2376,1.);
#2376 = DIRECTION('',(0.,0.,1.));
#2377 = PLANE('',#2378);
#2378 = AXIS2_PLACEMENT_3D('',#2379,#2380,#2381);
#2379 = CARTESIAN_POINT('',(3.025,-21.575,0.));
#2380 = DIRECTION('',(0.,-1.,0.));
#2381 = DIRECTION('',(1.,0.,0.));
#2382 = ADVANCED_FACE('',(#2383),#2395,.F.);
#2383 = FACE_BOUND('',#2384,.F.);
#2384 = EDGE_LOOP('',(#2385,#2386,#2393,#2394));
#2385 = ORIENTED_EDGE('',*,*,#2209,.T.);
#2386 = ORIENTED_EDGE('',*,*,#2387,.T.);
#2387 = EDGE_CURVE('',#2210,#2365,#2388,.T.);
#2388 = CIRCLE('',#2389,0.5);
#2389 = AXIS2_PLACEMENT_3D('',#2390,#2391,#2392);
#2390 = CARTESIAN_POINT('',(3.025,-22.075,1.5));
#2391 = DIRECTION('',(0.,0.,-1.));
#2392 = DIRECTION('',(0.,1.,0.));
#2393 = ORIENTED_EDGE('',*,*,#2372,.F.);
#2394 = ORIENTED_EDGE('',*,*,#363,.F.);
#2395 = CYLINDRICAL_SURFACE('',#2396,0.5);
#2396 = AXIS2_PLACEMENT_3D('',#2397,#2398,#2399);
#2397 = CARTESIAN_POINT('',(3.025,-22.075,0.));
#2398 = DIRECTION('',(0.,0.,1.));
#2399 = DIRECTION('',(0.,1.,0.));
#2400 = ADVANCED_FACE('',(#2401),#2426,.T.);
#2401 = FACE_BOUND('',#2402,.T.);
#2402 = EDGE_LOOP('',(#2403,#2404,#2412,#2420));
#2403 = ORIENTED_EDGE('',*,*,#304,.T.);
#2404 = ORIENTED_EDGE('',*,*,#2405,.T.);
#2405 = EDGE_CURVE('',#294,#2406,#2408,.T.);
#2406 = VERTEX_POINT('',#2407);
#2407 = CARTESIAN_POINT('',(54.125,-40.625,1.5));
#2408 = LINE('',#2409,#2410);
#2409 = CARTESIAN_POINT('',(54.125,-40.625,0.));
#2410 = VECTOR('',#2411,1.);
#2411 = DIRECTION('',(0.,0.,1.));
#2412 = ORIENTED_EDGE('',*,*,#2413,.F.);
#2413 = EDGE_CURVE('',#2414,#2406,#2416,.T.);
#2414 = VERTEX_POINT('',#2415);
#2415 = CARTESIAN_POINT('',(41.125,-40.625,1.5));
#2416 = LINE('',#2417,#2418);
#2417 = CARTESIAN_POINT('',(54.125,-40.625,1.5));
#2418 = VECTOR('',#2419,1.);
#2419 = DIRECTION('',(1.,0.,0.));
#2420 = ORIENTED_EDGE('',*,*,#2421,.F.);
#2421 = EDGE_CURVE('',#305,#2414,#2422,.T.);
#2422 = LINE('',#2423,#2424);
#2423 = CARTESIAN_POINT('',(41.125,-40.625,0.));
#2424 = VECTOR('',#2425,1.);
#2425 = DIRECTION('',(0.,0.,1.));
#2426 = PLANE('',#2427);
#2427 = AXIS2_PLACEMENT_3D('',#2428,#2429,#2430);
#2428 = CARTESIAN_POINT('',(41.125,-40.625,0.));
#2429 = DIRECTION('',(0.,-1.,0.));
#2430 = DIRECTION('',(1.,0.,0.));
#2431 = ADVANCED_FACE('',(#2432),#2451,.F.);
#2432 = FACE_BOUND('',#2433,.F.);
#2433 = EDGE_LOOP('',(#2434,#2442,#2449,#2450));
#2434 = ORIENTED_EDGE('',*,*,#2435,.T.);
#2435 = EDGE_CURVE('',#313,#2436,#2438,.T.);
#2436 = VERTEX_POINT('',#2437);
#2437 = CARTESIAN_POINT('',(40.625,-41.125,1.5));
#2438 = LINE('',#2439,#2440);
#2439 = CARTESIAN_POINT('',(40.625,-41.125,0.));
#2440 = VECTOR('',#2441,1.);
#2441 = DIRECTION('',(0.,0.,1.));
#2442 = ORIENTED_EDGE('',*,*,#2443,.T.);
#2443 = EDGE_CURVE('',#2436,#2414,#2444,.T.);
#2444 = CIRCLE('',#2445,0.5);
#2445 = AXIS2_PLACEMENT_3D('',#2446,#2447,#2448);
#2446 = CARTESIAN_POINT('',(41.125,-41.125,1.5));
#2447 = DIRECTION('',(0.,0.,-1.));
#2448 = DIRECTION('',(0.,1.,0.));
#2449 = ORIENTED_EDGE('',*,*,#2421,.F.);
#2450 = ORIENTED_EDGE('',*,*,#312,.F.);
#2451 = CYLINDRICAL_SURFACE('',#2452,0.5);
#2452 = AXIS2_PLACEMENT_3D('',#2453,#2454,#2455);
#2453 = CARTESIAN_POINT('',(41.125,-41.125,0.));
#2454 = DIRECTION('',(0.,0.,1.));
#2455 = DIRECTION('',(0.,1.,0.));
#2456 = ADVANCED_FACE('',(#2457),#2475,.T.);
#2457 = FACE_BOUND('',#2458,.T.);
#2458 = EDGE_LOOP('',(#2459,#2460,#2461,#2469));
#2459 = ORIENTED_EDGE('',*,*,#321,.T.);
#2460 = ORIENTED_EDGE('',*,*,#2435,.T.);
#2461 = ORIENTED_EDGE('',*,*,#2462,.F.);
#2462 = EDGE_CURVE('',#2463,#2436,#2465,.T.);
#2463 = VERTEX_POINT('',#2464);
#2464 = CARTESIAN_POINT('',(40.625,-54.125,1.5));
#2465 = LINE('',#2466,#2467);
#2466 = CARTESIAN_POINT('',(40.625,-41.125,1.5));
#2467 = VECTOR('',#2468,1.);
#2468 = DIRECTION('',(0.,1.,0.));
#2469 = ORIENTED_EDGE('',*,*,#2470,.F.);
#2470 = EDGE_CURVE('',#322,#2463,#2471,.T.);
#2471 = LINE('',#2472,#2473);
#2472 = CARTESIAN_POINT('',(40.625,-54.125,0.));
#2473 = VECTOR('',#2474,1.);
#2474 = DIRECTION('',(0.,0.,1.));
#2475 = PLANE('',#2476);
#2476 = AXIS2_PLACEMENT_3D('',#2477,#2478,#2479);
#2477 = CARTESIAN_POINT('',(40.625,-54.125,0.));
#2478 = DIRECTION('',(1.,0.,0.));
#2479 = DIRECTION('',(-0.,1.,0.));
#2480 = ADVANCED_FACE('',(#2481),#2500,.F.);
#2481 = FACE_BOUND('',#2482,.F.);
#2482 = EDGE_LOOP('',(#2483,#2491,#2498,#2499));
#2483 = ORIENTED_EDGE('',*,*,#2484,.T.);
#2484 = EDGE_CURVE('',#330,#2485,#2487,.T.);
#2485 = VERTEX_POINT('',#2486);
#2486 = CARTESIAN_POINT('',(41.125,-54.625,1.5));
#2487 = LINE('',#2488,#2489);
#2488 = CARTESIAN_POINT('',(41.125,-54.625,0.));
#2489 = VECTOR('',#2490,1.);
#2490 = DIRECTION('',(0.,0.,1.));
#2491 = ORIENTED_EDGE('',*,*,#2492,.T.);
#2492 = EDGE_CURVE('',#2485,#2463,#2493,.T.);
#2493 = CIRCLE('',#2494,0.5);
#2494 = AXIS2_PLACEMENT_3D('',#2495,#2496,#2497);
#2495 = CARTESIAN_POINT('',(41.125,-54.125,1.5));
#2496 = DIRECTION('',(0.,0.,-1.));
#2497 = DIRECTION('',(-1.,0.,0.));
#2498 = ORIENTED_EDGE('',*,*,#2470,.F.);
#2499 = ORIENTED_EDGE('',*,*,#329,.F.);
#2500 = CYLINDRICAL_SURFACE('',#2501,0.5);
#2501 = AXIS2_PLACEMENT_3D('',#2502,#2503,#2504);
#2502 = CARTESIAN_POINT('',(41.125,-54.125,0.));
#2503 = DIRECTION('',(0.,0.,1.));
#2504 = DIRECTION('',(-1.,0.,0.));
#2505 = ADVANCED_FACE('',(#2506),#2524,.T.);
#2506 = FACE_BOUND('',#2507,.T.);
#2507 = EDGE_LOOP('',(#2508,#2509,#2510,#2518));
#2508 = ORIENTED_EDGE('',*,*,#338,.T.);
#2509 = ORIENTED_EDGE('',*,*,#2484,.T.);
#2510 = ORIENTED_EDGE('',*,*,#2511,.F.);
#2511 = EDGE_CURVE('',#2512,#2485,#2514,.T.);
#2512 = VERTEX_POINT('',#2513);
#2513 = CARTESIAN_POINT('',(54.125,-54.625,1.5));
#2514 = LINE('',#2515,#2516);
#2515 = CARTESIAN_POINT('',(54.125,-54.625,1.5));
#2516 = VECTOR('',#2517,1.);
#2517 = DIRECTION('',(-1.,0.,0.));
#2518 = ORIENTED_EDGE('',*,*,#2519,.F.);
#2519 = EDGE_CURVE('',#339,#2512,#2520,.T.);
#2520 = LINE('',#2521,#2522);
#2521 = CARTESIAN_POINT('',(54.125,-54.625,0.));
#2522 = VECTOR('',#2523,1.);
#2523 = DIRECTION('',(0.,0.,1.));
#2524 = PLANE('',#2525);
#2525 = AXIS2_PLACEMENT_3D('',#2526,#2527,#2528);
#2526 = CARTESIAN_POINT('',(54.125,-54.625,0.));
#2527 = DIRECTION('',(0.,1.,0.));
#2528 = DIRECTION('',(-1.,0.,0.));
#2529 = ADVANCED_FACE('',(#2530),#2549,.F.);
#2530 = FACE_BOUND('',#2531,.F.);
#2531 = EDGE_LOOP('',(#2532,#2540,#2547,#2548));
#2532 = ORIENTED_EDGE('',*,*,#2533,.T.);
#2533 = EDGE_CURVE('',#347,#2534,#2536,.T.);
#2534 = VERTEX_POINT('',#2535);
#2535 = CARTESIAN_POINT('',(54.625,-54.125,1.5));
#2536 = LINE('',#2537,#2538);
#2537 = CARTESIAN_POINT('',(54.625,-54.125,0.));
#2538 = VECTOR('',#2539,1.);
#2539 = DIRECTION('',(0.,0.,1.));
#2540 = ORIENTED_EDGE('',*,*,#2541,.T.);
#2541 = EDGE_CURVE('',#2534,#2512,#2542,.T.);
#2542 = CIRCLE('',#2543,0.5);
#2543 = AXIS2_PLACEMENT_3D('',#2544,#2545,#2546);
#2544 = CARTESIAN_POINT('',(54.125,-54.125,1.5));
#2545 = DIRECTION('',(0.,0.,-1.));
#2546 = DIRECTION('',(0.,-1.,0.));
#2547 = ORIENTED_EDGE('',*,*,#2519,.F.);
#2548 = ORIENTED_EDGE('',*,*,#346,.F.);
#2549 = CYLINDRICAL_SURFACE('',#2550,0.5);
#2550 = AXIS2_PLACEMENT_3D('',#2551,#2552,#2553);
#2551 = CARTESIAN_POINT('',(54.125,-54.125,0.));
#2552 = DIRECTION('',(0.,0.,1.));
#2553 = DIRECTION('',(0.,-1.,0.));
#2554 = ADVANCED_FACE('',(#2555),#2573,.T.);
#2555 = FACE_BOUND('',#2556,.T.);
#2556 = EDGE_LOOP('',(#2557,#2558,#2559,#2567));
#2557 = ORIENTED_EDGE('',*,*,#355,.T.);
#2558 = ORIENTED_EDGE('',*,*,#2533,.T.);
#2559 = ORIENTED_EDGE('',*,*,#2560,.F.);
#2560 = EDGE_CURVE('',#2561,#2534,#2563,.T.);
#2561 = VERTEX_POINT('',#2562);
#2562 = CARTESIAN_POINT('',(54.625,-41.125,1.5));
#2563 = LINE('',#2564,#2565);
#2564 = CARTESIAN_POINT('',(54.625,-41.125,1.5));
#2565 = VECTOR('',#2566,1.);
#2566 = DIRECTION('',(0.,-1.,0.));
#2567 = ORIENTED_EDGE('',*,*,#2568,.F.);
#2568 = EDGE_CURVE('',#296,#2561,#2569,.T.);
#2569 = LINE('',#2570,#2571);
#2570 = CARTESIAN_POINT('',(54.625,-41.125,0.));
#2571 = VECTOR('',#2572,1.);
#2572 = DIRECTION('',(0.,0.,1.));
#2573 = PLANE('',#2574);
#2574 = AXIS2_PLACEMENT_3D('',#2575,#2576,#2577);
#2575 = CARTESIAN_POINT('',(54.625,-41.125,0.));
#2576 = DIRECTION('',(-1.,0.,0.));
#2577 = DIRECTION('',(0.,-1.,0.));
#2578 = ADVANCED_FACE('',(#2579),#2591,.F.);
#2579 = FACE_BOUND('',#2580,.F.);
#2580 = EDGE_LOOP('',(#2581,#2582,#2589,#2590));
#2581 = ORIENTED_EDGE('',*,*,#2405,.T.);
#2582 = ORIENTED_EDGE('',*,*,#2583,.T.);
#2583 = EDGE_CURVE('',#2406,#2561,#2584,.T.);
#2584 = CIRCLE('',#2585,0.5);
#2585 = AXIS2_PLACEMENT_3D('',#2586,#2587,#2588);
#2586 = CARTESIAN_POINT('',(54.125,-41.125,1.5));
#2587 = DIRECTION('',(0.,0.,-1.));
#2588 = DIRECTION('',(1.,0.,0.));
#2589 = ORIENTED_EDGE('',*,*,#2568,.F.);
#2590 = ORIENTED_EDGE('',*,*,#293,.F.);
#2591 = CYLINDRICAL_SURFACE('',#2592,0.5);
#2592 = AXIS2_PLACEMENT_3D('',#2593,#2594,#2595);
#2593 = CARTESIAN_POINT('',(54.125,-41.125,0.));
#2594 = DIRECTION('',(0.,0.,1.));
#2595 = DIRECTION('',(1.,0.,-0.));
#2596 = ADVANCED_FACE('',(#2597),#2622,.T.);
#2597 = FACE_BOUND('',#2598,.T.);
#2598 = EDGE_LOOP('',(#2599,#2600,#2608,#2616));
#2599 = ORIENTED_EDGE('',*,*,#234,.T.);
#2600 = ORIENTED_EDGE('',*,*,#2601,.T.);
#2601 = EDGE_CURVE('',#224,#2602,#2604,.T.);
#2602 = VERTEX_POINT('',#2603);
#2603 = CARTESIAN_POINT('',(2.525,-41.125,1.5));
#2604 = LINE('',#2605,#2606);
#2605 = CARTESIAN_POINT('',(2.525,-41.125,0.));
#2606 = VECTOR('',#2607,1.);
#2607 = DIRECTION('',(0.,0.,1.));
#2608 = ORIENTED_EDGE('',*,*,#2609,.F.);
#2609 = EDGE_CURVE('',#2610,#2602,#2612,.T.);
#2610 = VERTEX_POINT('',#2611);
#2611 = CARTESIAN_POINT('',(2.525,-54.125,1.5));
#2612 = LINE('',#2613,#2614);
#2613 = CARTESIAN_POINT('',(2.525,-41.125,1.5));
#2614 = VECTOR('',#2615,1.);
#2615 = DIRECTION('',(0.,1.,0.));
#2616 = ORIENTED_EDGE('',*,*,#2617,.F.);
#2617 = EDGE_CURVE('',#235,#2610,#2618,.T.);
#2618 = LINE('',#2619,#2620);
#2619 = CARTESIAN_POINT('',(2.525,-54.125,0.));
#2620 = VECTOR('',#2621,1.);
#2621 = DIRECTION('',(0.,0.,1.));
#2622 = PLANE('',#2623);
#2623 = AXIS2_PLACEMENT_3D('',#2624,#2625,#2626);
#2624 = CARTESIAN_POINT('',(2.525,-54.125,0.));
#2625 = DIRECTION('',(1.,0.,0.));
#2626 = DIRECTION('',(-0.,1.,0.));
#2627 = ADVANCED_FACE('',(#2628),#2647,.F.);
#2628 = FACE_BOUND('',#2629,.F.);
#2629 = EDGE_LOOP('',(#2630,#2638,#2645,#2646));
#2630 = ORIENTED_EDGE('',*,*,#2631,.T.);
#2631 = EDGE_CURVE('',#243,#2632,#2634,.T.);
#2632 = VERTEX_POINT('',#2633);
#2633 = CARTESIAN_POINT('',(3.025,-54.625,1.5));
#2634 = LINE('',#2635,#2636);
#2635 = CARTESIAN_POINT('',(3.025,-54.625,0.));
#2636 = VECTOR('',#2637,1.);
#2637 = DIRECTION('',(0.,0.,1.));
#2638 = ORIENTED_EDGE('',*,*,#2639,.T.);
#2639 = EDGE_CURVE('',#2632,#2610,#2640,.T.);
#2640 = CIRCLE('',#2641,0.5);
#2641 = AXIS2_PLACEMENT_3D('',#2642,#2643,#2644);
#2642 = CARTESIAN_POINT('',(3.025,-54.125,1.5));
#2643 = DIRECTION('',(0.,0.,-1.));
#2644 = DIRECTION('',(-1.,0.,0.));
#2645 = ORIENTED_EDGE('',*,*,#2617,.F.);
#2646 = ORIENTED_EDGE('',*,*,#242,.F.);
#2647 = CYLINDRICAL_SURFACE('',#2648,0.5);
#2648 = AXIS2_PLACEMENT_3D('',#2649,#2650,#2651);
#2649 = CARTESIAN_POINT('',(3.025,-54.125,0.));
#2650 = DIRECTION('',(0.,0.,1.));
#2651 = DIRECTION('',(-1.,0.,0.));
#2652 = ADVANCED_FACE('',(#2653),#2671,.T.);
#2653 = FACE_BOUND('',#2654,.T.);
#2654 = EDGE_LOOP('',(#2655,#2656,#2657,#2665));
#2655 = ORIENTED_EDGE('',*,*,#251,.T.);
#2656 = ORIENTED_EDGE('',*,*,#2631,.T.);
#2657 = ORIENTED_EDGE('',*,*,#2658,.F.);
#2658 = EDGE_CURVE('',#2659,#2632,#2661,.T.);
#2659 = VERTEX_POINT('',#2660);
#2660 = CARTESIAN_POINT('',(16.025,-54.625,1.5));
#2661 = LINE('',#2662,#2663);
#2662 = CARTESIAN_POINT('',(3.025,-54.625,1.5));
#2663 = VECTOR('',#2664,1.);
#2664 = DIRECTION('',(-1.,0.,0.));
#2665 = ORIENTED_EDGE('',*,*,#2666,.F.);
#2666 = EDGE_CURVE('',#252,#2659,#2667,.T.);
#2667 = LINE('',#2668,#2669);
#2668 = CARTESIAN_POINT('',(16.025,-54.625,0.));
#2669 = VECTOR('',#2670,1.);
#2670 = DIRECTION('',(0.,0.,1.));
#2671 = PLANE('',#2672);
#2672 = AXIS2_PLACEMENT_3D('',#2673,#2674,#2675);
#2673 = CARTESIAN_POINT('',(16.025,-54.625,0.));
#2674 = DIRECTION('',(0.,1.,0.));
#2675 = DIRECTION('',(-1.,0.,0.));
#2676 = ADVANCED_FACE('',(#2677),#2696,.F.);
#2677 = FACE_BOUND('',#2678,.F.);
#2678 = EDGE_LOOP('',(#2679,#2687,#2694,#2695));
#2679 = ORIENTED_EDGE('',*,*,#2680,.T.);
#2680 = EDGE_CURVE('',#260,#2681,#2683,.T.);
#2681 = VERTEX_POINT('',#2682);
#2682 = CARTESIAN_POINT('',(16.525,-54.125,1.5));
#2683 = LINE('',#2684,#2685);
#2684 = CARTESIAN_POINT('',(16.525,-54.125,0.));
#2685 = VECTOR('',#2686,1.);
#2686 = DIRECTION('',(0.,0.,1.));
#2687 = ORIENTED_EDGE('',*,*,#2688,.T.);
#2688 = EDGE_CURVE('',#2681,#2659,#2689,.T.);
#2689 = CIRCLE('',#2690,0.5);
#2690 = AXIS2_PLACEMENT_3D('',#2691,#2692,#2693);
#2691 = CARTESIAN_POINT('',(16.025,-54.125,1.5));
#2692 = DIRECTION('',(0.,0.,-1.));
#2693 = DIRECTION('',(0.,-1.,0.));
#2694 = ORIENTED_EDGE('',*,*,#2666,.F.);
#2695 = ORIENTED_EDGE('',*,*,#259,.F.);
#2696 = CYLINDRICAL_SURFACE('',#2697,0.5);
#2697 = AXIS2_PLACEMENT_3D('',#2698,#2699,#2700);
#2698 = CARTESIAN_POINT('',(16.025,-54.125,0.));
#2699 = DIRECTION('',(0.,0.,1.));
#2700 = DIRECTION('',(0.,-1.,0.));
#2701 = ADVANCED_FACE('',(#2702),#2720,.T.);
#2702 = FACE_BOUND('',#2703,.T.);
#2703 = EDGE_LOOP('',(#2704,#2705,#2706,#2714));
#2704 = ORIENTED_EDGE('',*,*,#268,.T.);
#2705 = ORIENTED_EDGE('',*,*,#2680,.T.);
#2706 = ORIENTED_EDGE('',*,*,#2707,.F.);
#2707 = EDGE_CURVE('',#2708,#2681,#2710,.T.);
#2708 = VERTEX_POINT('',#2709);
#2709 = CARTESIAN_POINT('',(16.525,-41.125,1.5));
#2710 = LINE('',#2711,#2712);
#2711 = CARTESIAN_POINT('',(16.525,-41.125,1.5));
#2712 = VECTOR('',#2713,1.);
#2713 = DIRECTION('',(0.,-1.,0.));
#2714 = ORIENTED_EDGE('',*,*,#2715,.F.);
#2715 = EDGE_CURVE('',#269,#2708,#2716,.T.);
#2716 = LINE('',#2717,#2718);
#2717 = CARTESIAN_POINT('',(16.525,-41.125,0.));
#2718 = VECTOR('',#2719,1.);
#2719 = DIRECTION('',(0.,0.,1.));
#2720 = PLANE('',#2721);
#2721 = AXIS2_PLACEMENT_3D('',#2722,#2723,#2724);
#2722 = CARTESIAN_POINT('',(16.525,-41.125,0.));
#2723 = DIRECTION('',(-1.,0.,0.));
#2724 = DIRECTION('',(0.,-1.,0.));
#2725 = ADVANCED_FACE('',(#2726),#2745,.F.);
#2726 = FACE_BOUND('',#2727,.F.);
#2727 = EDGE_LOOP('',(#2728,#2736,#2743,#2744));
#2728 = ORIENTED_EDGE('',*,*,#2729,.T.);
#2729 = EDGE_CURVE('',#277,#2730,#2732,.T.);
#2730 = VERTEX_POINT('',#2731);
#2731 = CARTESIAN_POINT('',(16.025,-40.625,1.5));
#2732 = LINE('',#2733,#2734);
#2733 = CARTESIAN_POINT('',(16.025,-40.625,0.));
#2734 = VECTOR('',#2735,1.);
#2735 = DIRECTION('',(0.,0.,1.));
#2736 = ORIENTED_EDGE('',*,*,#2737,.T.);
#2737 = EDGE_CURVE('',#2730,#2708,#2738,.T.);
#2738 = CIRCLE('',#2739,0.5);
#2739 = AXIS2_PLACEMENT_3D('',#2740,#2741,#2742);
#2740 = CARTESIAN_POINT('',(16.025,-41.125,1.5));
#2741 = DIRECTION('',(0.,0.,-1.));
#2742 = DIRECTION('',(1.,0.,0.));
#2743 = ORIENTED_EDGE('',*,*,#2715,.F.);
#2744 = ORIENTED_EDGE('',*,*,#276,.F.);
#2745 = CYLINDRICAL_SURFACE('',#2746,0.5);
#2746 = AXIS2_PLACEMENT_3D('',#2747,#2748,#2749);
#2747 = CARTESIAN_POINT('',(16.025,-41.125,0.));
#2748 = DIRECTION('',(0.,0.,1.));
#2749 = DIRECTION('',(1.,0.,-0.));
#2750 = ADVANCED_FACE('',(#2751),#2769,.T.);
#2751 = FACE_BOUND('',#2752,.T.);
#2752 = EDGE_LOOP('',(#2753,#2754,#2755,#2763));
#2753 = ORIENTED_EDGE('',*,*,#285,.T.);
#2754 = ORIENTED_EDGE('',*,*,#2729,.T.);
#2755 = ORIENTED_EDGE('',*,*,#2756,.F.);
#2756 = EDGE_CURVE('',#2757,#2730,#2759,.T.);
#2757 = VERTEX_POINT('',#2758);
#2758 = CARTESIAN_POINT('',(3.025,-40.625,1.5));
#2759 = LINE('',#2760,#2761);
#2760 = CARTESIAN_POINT('',(3.025,-40.625,1.5));
#2761 = VECTOR('',#2762,1.);
#2762 = DIRECTION('',(1.,0.,0.));
#2763 = ORIENTED_EDGE('',*,*,#2764,.F.);
#2764 = EDGE_CURVE('',#226,#2757,#2765,.T.);
#2765 = LINE('',#2766,#2767);
#2766 = CARTESIAN_POINT('',(3.025,-40.625,0.));
#2767 = VECTOR('',#2768,1.);
#2768 = DIRECTION('',(0.,0.,1.));
#2769 = PLANE('',#2770);
#2770 = AXIS2_PLACEMENT_3D('',#2771,#2772,#2773);
#2771 = CARTESIAN_POINT('',(3.025,-40.625,0.));
#2772 = DIRECTION('',(0.,-1.,0.));
#2773 = DIRECTION('',(1.,0.,0.));
#2774 = ADVANCED_FACE('',(#2775),#2787,.F.);
#2775 = FACE_BOUND('',#2776,.F.);
#2776 = EDGE_LOOP('',(#2777,#2778,#2785,#2786));
#2777 = ORIENTED_EDGE('',*,*,#2601,.T.);
#2778 = ORIENTED_EDGE('',*,*,#2779,.T.);
#2779 = EDGE_CURVE('',#2602,#2757,#2780,.T.);
#2780 = CIRCLE('',#2781,0.5);
#2781 = AXIS2_PLACEMENT_3D('',#2782,#2783,#2784);
#2782 = CARTESIAN_POINT('',(3.025,-41.125,1.5));
#2783 = DIRECTION('',(0.,0.,-1.));
#2784 = DIRECTION('',(0.,1.,0.));
#2785 = ORIENTED_EDGE('',*,*,#2764,.F.);
#2786 = ORIENTED_EDGE('',*,*,#223,.F.);
#2787 = CYLINDRICAL_SURFACE('',#2788,0.5);
#2788 = AXIS2_PLACEMENT_3D('',#2789,#2790,#2791);
#2789 = CARTESIAN_POINT('',(3.025,-41.125,0.));
#2790 = DIRECTION('',(0.,0.,1.));
#2791 = DIRECTION('',(0.,1.,0.));
#2792 = ADVANCED_FACE('',(#2793),#2812,.F.);
#2793 = FACE_BOUND('',#2794,.F.);
#2794 = EDGE_LOOP('',(#2795,#2803,#2810,#2811));
#2795 = ORIENTED_EDGE('',*,*,#2796,.T.);
#2796 = EDGE_CURVE('',#213,#2797,#2799,.T.);
#2797 = VERTEX_POINT('',#2798);
#2798 = CARTESIAN_POINT('',(-8.546,28.225,1.5));
#2799 = LINE('',#2800,#2801);
#2800 = CARTESIAN_POINT('',(-8.546,28.225,0.));
#2801 = VECTOR('',#2802,1.);
#2802 = DIRECTION('',(0.,0.,1.));
#2803 = ORIENTED_EDGE('',*,*,#2804,.T.);
#2804 = EDGE_CURVE('',#2797,#2797,#2805,.T.);
#2805 = CIRCLE('',#2806,1.7);
#2806 = AXIS2_PLACEMENT_3D('',#2807,#2808,#2809);
#2807 = CARTESIAN_POINT('',(-6.846,28.225,1.5));
#2808 = DIRECTION('',(0.,0.,-1.));
#2809 = DIRECTION('',(1.,0.,0.));
#2810 = ORIENTED_EDGE('',*,*,#2796,.F.);
#2811 = ORIENTED_EDGE('',*,*,#212,.F.);
#2812 = CYLINDRICAL_SURFACE('',#2813,1.7);
#2813 = AXIS2_PLACEMENT_3D('',#2814,#2815,#2816);
#2814 = CARTESIAN_POINT('',(-6.846,28.225,0.));
#2815 = DIRECTION('',(0.,0.,1.));
#2816 = DIRECTION('',(1.,0.,-0.));
#2817 = ADVANCED_FACE('',(#2818),#2837,.F.);
#2818 = FACE_BOUND('',#2819,.F.);
#2819 = EDGE_LOOP('',(#2820,#2828,#2835,#2836));
#2820 = ORIENTED_EDGE('',*,*,#2821,.T.);
#2821 = EDGE_CURVE('',#202,#2822,#2824,.T.);
#2822 = VERTEX_POINT('',#2823);
#2823 = CARTESIAN_POINT('',(63.367,28.225,1.5));
#2824 = LINE('',#2825,#2826);
#2825 = CARTESIAN_POINT('',(63.367,28.225,0.));
#2826 = VECTOR('',#2827,1.);
#2827 = DIRECTION('',(0.,0.,1.));
#2828 = ORIENTED_EDGE('',*,*,#2829,.T.);
#2829 = EDGE_CURVE('',#2822,#2822,#2830,.T.);
#2830 = CIRCLE('',#2831,1.7);
#2831 = AXIS2_PLACEMENT_3D('',#2832,#2833,#2834);
#2832 = CARTESIAN_POINT('',(65.067,28.225,1.5));
#2833 = DIRECTION('',(0.,0.,-1.));
#2834 = DIRECTION('',(1.,0.,0.));
#2835 = ORIENTED_EDGE('',*,*,#2821,.F.);
#2836 = ORIENTED_EDGE('',*,*,#201,.F.);
#2837 = CYLINDRICAL_SURFACE('',#2838,1.7);
#2838 = AXIS2_PLACEMENT_3D('',#2839,#2840,#2841);
#2839 = CARTESIAN_POINT('',(65.067,28.225,0.));
#2840 = DIRECTION('',(0.,0.,1.));
#2841 = DIRECTION('',(1.,0.,-0.));
#2842 = ADVANCED_FACE('',(#2843),#2862,.F.);
#2843 = FACE_BOUND('',#2844,.F.);
#2844 = EDGE_LOOP('',(#2845,#2853,#2860,#2861));
#2845 = ORIENTED_EDGE('',*,*,#2846,.T.);
#2846 = EDGE_CURVE('',#191,#2847,#2849,.T.);
#2847 = VERTEX_POINT('',#2848);
#2848 = CARTESIAN_POINT('',(63.367,-63.996,1.5));
#2849 = LINE('',#2850,#2851);
#2850 = CARTESIAN_POINT('',(63.367,-63.996,0.));
#2851 = VECTOR('',#2852,1.);
#2852 = DIRECTION('',(0.,0.,1.));
#2853 = ORIENTED_EDGE('',*,*,#2854,.T.);
#2854 = EDGE_CURVE('',#2847,#2847,#2855,.T.);
#2855 = CIRCLE('',#2856,1.7);
#2856 = AXIS2_PLACEMENT_3D('',#2857,#2858,#2859);
#2857 = CARTESIAN_POINT('',(65.067,-63.996,1.5));
#2858 = DIRECTION('',(0.,0.,-1.));
#2859 = DIRECTION('',(1.,0.,0.));
#2860 = ORIENTED_EDGE('',*,*,#2846,.F.);
#2861 = ORIENTED_EDGE('',*,*,#190,.F.);
#2862 = CYLINDRICAL_SURFACE('',#2863,1.7);
#2863 = AXIS2_PLACEMENT_3D('',#2864,#2865,#2866);
#2864 = CARTESIAN_POINT('',(65.067,-63.996,0.));
#2865 = DIRECTION('',(0.,0.,1.));
#2866 = DIRECTION('',(1.,0.,-0.));
#2867 = ADVANCED_FACE('',(#2868),#2887,.F.);
#2868 = FACE_BOUND('',#2869,.F.);
#2869 = EDGE_LOOP('',(#2870,#2878,#2885,#2886));
#2870 = ORIENTED_EDGE('',*,*,#2871,.T.);
#2871 = EDGE_CURVE('',#180,#2872,#2874,.T.);
#2872 = VERTEX_POINT('',#2873);
#2873 = CARTESIAN_POINT('',(-8.546,-63.996,1.5));
#2874 = LINE('',#2875,#2876);
#2875 = CARTESIAN_POINT('',(-8.546,-63.996,0.));
#2876 = VECTOR('',#2877,1.);
#2877 = DIRECTION('',(0.,0.,1.));
#2878 = ORIENTED_EDGE('',*,*,#2879,.T.);
#2879 = EDGE_CURVE('',#2872,#2872,#2880,.T.);
#2880 = CIRCLE('',#2881,1.7);
#2881 = AXIS2_PLACEMENT_3D('',#2882,#2883,#2884);
#2882 = CARTESIAN_POINT('',(-6.846,-63.996,1.5));
#2883 = DIRECTION('',(0.,0.,-1.));
#2884 = DIRECTION('',(1.,0.,0.));
#2885 = ORIENTED_EDGE('',*,*,#2871,.F.);
#2886 = ORIENTED_EDGE('',*,*,#179,.F.);
#2887 = CYLINDRICAL_SURFACE('',#2888,1.7);
#2888 = AXIS2_PLACEMENT_3D('',#2889,#2890,#2891);
#2889 = CARTESIAN_POINT('',(-6.846,-63.996,0.));
#2890 = DIRECTION('',(0.,0.,1.));
#2891 = DIRECTION('',(1.,0.,-0.));
#2892 = ADVANCED_FACE('',(#2893),#2918,.T.);
#2893 = FACE_BOUND('',#2894,.T.);
#2894 = EDGE_LOOP('',(#2895,#2896,#2904,#2912));
#2895 = ORIENTED_EDGE('',*,*,#162,.T.);
#2896 = ORIENTED_EDGE('',*,*,#2897,.T.);
#2897 = EDGE_CURVE('',#155,#2898,#2900,.T.);
#2898 = VERTEX_POINT('',#2899);
#2899 = CARTESIAN_POINT('',(19.714,2.225,1.5));
#2900 = LINE('',#2901,#2902);
#2901 = CARTESIAN_POINT('',(19.714,2.225,0.));
#2902 = VECTOR('',#2903,1.);
#2903 = DIRECTION('',(0.,0.,1.));
#2904 = ORIENTED_EDGE('',*,*,#2905,.F.);
#2905 = EDGE_CURVE('',#2906,#2898,#2908,.T.);
#2906 = VERTEX_POINT('',#2907);
#2907 = CARTESIAN_POINT('',(38.214,2.225,1.5));
#2908 = LINE('',#2909,#2910);
#2909 = CARTESIAN_POINT('',(38.214,2.225,1.5));
#2910 = VECTOR('',#2911,1.);
#2911 = DIRECTION('',(-1.,6.001205538514E-17,0.));
#2912 = ORIENTED_EDGE('',*,*,#2913,.F.);
#2913 = EDGE_CURVE('',#163,#2906,#2914,.T.);
#2914 = LINE('',#2915,#2916);
#2915 = CARTESIAN_POINT('',(38.214,2.225,0.));
#2916 = VECTOR('',#2917,1.);
#2917 = DIRECTION('',(0.,0.,1.));
#2918 = PLANE('',#2919);
#2919 = AXIS2_PLACEMENT_3D('',#2920,#2921,#2922);
#2920 = CARTESIAN_POINT('',(38.214,2.225,0.));
#2921 = DIRECTION('',(6.001205538514E-17,1.,0.));
#2922 = DIRECTION('',(-1.,6.001205538514E-17,0.));
#2923 = ADVANCED_FACE('',(#2924),#2935,.T.);
#2924 = FACE_BOUND('',#2925,.T.);
#2925 = EDGE_LOOP('',(#2926,#2927,#2928,#2934));
#2926 = ORIENTED_EDGE('',*,*,#170,.T.);
#2927 = ORIENTED_EDGE('',*,*,#2913,.T.);
#2928 = ORIENTED_EDGE('',*,*,#2929,.F.);
#2929 = EDGE_CURVE('',#73,#2906,#2930,.T.);
#2930 = LINE('',#2931,#2932);
#2931 = CARTESIAN_POINT('',(38.214,33.225,1.5));
#2932 = VECTOR('',#2933,1.);
#2933 = DIRECTION('',(0.,-1.,0.));
#2934 = ORIENTED_EDGE('',*,*,#72,.F.);
#2935 = PLANE('',#2936);
#2936 = AXIS2_PLACEMENT_3D('',#2937,#2938,#2939);
#2937 = CARTESIAN_POINT('',(38.214,33.225,0.));
#2938 = DIRECTION('',(-1.,0.,0.));
#2939 = DIRECTION('',(0.,-1.,0.));
#2940 = ADVANCED_FACE('',(#2941),#2952,.T.);
#2941 = FACE_BOUND('',#2942,.T.);
#2942 = EDGE_LOOP('',(#2943,#2944,#2950,#2951));
#2943 = ORIENTED_EDGE('',*,*,#32,.F.);
#2944 = ORIENTED_EDGE('',*,*,#2945,.F.);
#2945 = EDGE_CURVE('',#871,#24,#2946,.T.);
#2946 = LINE('',#2947,#2948);
#2947 = CARTESIAN_POINT('',(70.067,-68.996,1.5));
#2948 = VECTOR('',#2949,1.);
#2949 = DIRECTION('',(0.,1.,0.));
#2950 = ORIENTED_EDGE('',*,*,#888,.F.);
#2951 = ORIENTED_EDGE('',*,*,#95,.T.);
#2952 = PLANE('',#2953);
#2953 = AXIS2_PLACEMENT_3D('',#2954,#2955,#2956);
#2954 = CARTESIAN_POINT('',(70.067,-68.996,0.));
#2955 = DIRECTION('',(1.,0.,0.));
#2956 = DIRECTION('',(-0.,1.,0.));
#2957 = ADVANCED_FACE('',(#2958),#2969,.T.);
#2958 = FACE_BOUND('',#2959,.T.);
#2959 = EDGE_LOOP('',(#2960,#2961,#2967,#2968));
#2960 = ORIENTED_EDGE('',*,*,#935,.F.);
#2961 = ORIENTED_EDGE('',*,*,#2962,.F.);
#2962 = EDGE_CURVE('',#952,#927,#2963,.T.);
#2963 = LINE('',#2964,#2965);
#2964 = CARTESIAN_POINT('',(-11.846,33.225,1.5));
#2965 = VECTOR('',#2966,1.);
#2966 = DIRECTION('',(0.,-1.,0.));
#2967 = ORIENTED_EDGE('',*,*,#969,.F.);
#2968 = ORIENTED_EDGE('',*,*,#129,.T.);
#2969 = PLANE('',#2970);
#2970 = AXIS2_PLACEMENT_3D('',#2971,#2972,#2973);
#2971 = CARTESIAN_POINT('',(-11.846,33.225,0.));
#2972 = DIRECTION('',(-1.,0.,0.));
#2973 = DIRECTION('',(0.,-1.,0.));
#2974 = ADVANCED_FACE('',(#2975),#2986,.T.);
#2975 = FACE_BOUND('',#2976,.T.);
#2976 = EDGE_LOOP('',(#2977,#2978,#2979,#2985));
#2977 = ORIENTED_EDGE('',*,*,#154,.T.);
#2978 = ORIENTED_EDGE('',*,*,#992,.T.);
#2979 = ORIENTED_EDGE('',*,*,#2980,.F.);
#2980 = EDGE_CURVE('',#2898,#985,#2981,.T.);
#2981 = LINE('',#2982,#2983);
#2982 = CARTESIAN_POINT('',(19.714,2.225,1.5));
#2983 = VECTOR('',#2984,1.);
#2984 = DIRECTION('',(0.,1.,0.));
#2985 = ORIENTED_EDGE('',*,*,#2897,.F.);
#2986 = PLANE('',#2987);
#2987 = AXIS2_PLACEMENT_3D('',#2988,#2989,#2990);
#2988 = CARTESIAN_POINT('',(19.714,2.225,0.));
#2989 = DIRECTION('',(1.,0.,0.));
#2990 = DIRECTION('',(-0.,1.,0.));
#2991 = ADVANCED_FACE('',(#2992,#3006,#3009,#3012,#3015,#3018,#3028,
    #3038,#3048,#3058,#3068,#3078,#3088,#3098,#3108),#3111,.T.);
#2992 = FACE_BOUND('',#2993,.T.);
#2993 = EDGE_LOOP('',(#2994,#2995,#2996,#2997,#2998,#2999,#3000,#3001,
    #3002,#3003,#3004,#3005));
#2994 = ORIENTED_EDGE('',*,*,#21,.F.);
#2995 = ORIENTED_EDGE('',*,*,#80,.T.);
#2996 = ORIENTED_EDGE('',*,*,#2929,.T.);
#2997 = ORIENTED_EDGE('',*,*,#2905,.T.);
#2998 = ORIENTED_EDGE('',*,*,#2980,.T.);
#2999 = ORIENTED_EDGE('',*,*,#984,.T.);
#3000 = ORIENTED_EDGE('',*,*,#951,.F.);
#3001 = ORIENTED_EDGE('',*,*,#2962,.T.);
#3002 = ORIENTED_EDGE('',*,*,#926,.F.);
#3003 = ORIENTED_EDGE('',*,*,#903,.T.);
#3004 = ORIENTED_EDGE('',*,*,#870,.F.);
#3005 = ORIENTED_EDGE('',*,*,#2945,.T.);
#3006 = FACE_BOUND('',#3007,.T.);
#3007 = EDGE_LOOP('',(#3008));
#3008 = ORIENTED_EDGE('',*,*,#2879,.T.);
#3009 = FACE_BOUND('',#3010,.T.);
#3010 = EDGE_LOOP('',(#3011));
#3011 = ORIENTED_EDGE('',*,*,#2854,.T.);
#3012 = FACE_BOUND('',#3013,.T.);
#3013 = EDGE_LOOP('',(#3014));
#3014 = ORIENTED_EDGE('',*,*,#2829,.T.);
#3015 = FACE_BOUND('',#3016,.T.);
#3016 = EDGE_LOOP('',(#3017));
#3017 = ORIENTED_EDGE('',*,*,#2804,.T.);
#3018 = FACE_BOUND('',#3019,.T.);
#3019 = EDGE_LOOP('',(#3020,#3021,#3022,#3023,#3024,#3025,#3026,#3027));
#3020 = ORIENTED_EDGE('',*,*,#2779,.T.);
#3021 = ORIENTED_EDGE('',*,*,#2756,.T.);
#3022 = ORIENTED_EDGE('',*,*,#2737,.T.);
#3023 = ORIENTED_EDGE('',*,*,#2707,.T.);
#3024 = ORIENTED_EDGE('',*,*,#2688,.T.);
#3025 = ORIENTED_EDGE('',*,*,#2658,.T.);
#3026 = ORIENTED_EDGE('',*,*,#2639,.T.);
#3027 = ORIENTED_EDGE('',*,*,#2609,.T.);
#3028 = FACE_BOUND('',#3029,.T.);
#3029 = EDGE_LOOP('',(#3030,#3031,#3032,#3033,#3034,#3035,#3036,#3037));
#3030 = ORIENTED_EDGE('',*,*,#2583,.T.);
#3031 = ORIENTED_EDGE('',*,*,#2560,.T.);
#3032 = ORIENTED_EDGE('',*,*,#2541,.T.);
#3033 = ORIENTED_EDGE('',*,*,#2511,.T.);
#3034 = ORIENTED_EDGE('',*,*,#2492,.T.);
#3035 = ORIENTED_EDGE('',*,*,#2462,.T.);
#3036 = ORIENTED_EDGE('',*,*,#2443,.T.);
#3037 = ORIENTED_EDGE('',*,*,#2413,.T.);
#3038 = FACE_BOUND('',#3039,.T.);
#3039 = EDGE_LOOP('',(#3040,#3041,#3042,#3043,#3044,#3045,#3046,#3047));
#3040 = ORIENTED_EDGE('',*,*,#2387,.T.);
#3041 = ORIENTED_EDGE('',*,*,#2364,.T.);
#3042 = ORIENTED_EDGE('',*,*,#2345,.T.);
#3043 = ORIENTED_EDGE('',*,*,#2315,.T.);
#3044 = ORIENTED_EDGE('',*,*,#2296,.T.);
#3045 = ORIENTED_EDGE('',*,*,#2266,.T.);
#3046 = ORIENTED_EDGE('',*,*,#2247,.T.);
#3047 = ORIENTED_EDGE('',*,*,#2217,.T.);
#3048 = FACE_BOUND('',#3049,.T.);
#3049 = EDGE_LOOP('',(#3050,#3051,#3052,#3053,#3054,#3055,#3056,#3057));
#3050 = ORIENTED_EDGE('',*,*,#2191,.T.);
#3051 = ORIENTED_EDGE('',*,*,#2168,.T.);
#3052 = ORIENTED_EDGE('',*,*,#2149,.T.);
#3053 = ORIENTED_EDGE('',*,*,#2119,.T.);
#3054 = ORIENTED_EDGE('',*,*,#2100,.T.);
#3055 = ORIENTED_EDGE('',*,*,#2070,.T.);
#3056 = ORIENTED_EDGE('',*,*,#2051,.T.);
#3057 = ORIENTED_EDGE('',*,*,#2021,.T.);
#3058 = FACE_BOUND('',#3059,.T.);
#3059 = EDGE_LOOP('',(#3060,#3061,#3062,#3063,#3064,#3065,#3066,#3067));
#3060 = ORIENTED_EDGE('',*,*,#1995,.T.);
#3061 = ORIENTED_EDGE('',*,*,#1972,.T.);
#3062 = ORIENTED_EDGE('',*,*,#1953,.T.);
#3063 = ORIENTED_EDGE('',*,*,#1923,.T.);
#3064 = ORIENTED_EDGE('',*,*,#1904,.T.);
#3065 = ORIENTED_EDGE('',*,*,#1874,.T.);
#3066 = ORIENTED_EDGE('',*,*,#1855,.T.);
#3067 = ORIENTED_EDGE('',*,*,#1825,.T.);
#3068 = FACE_BOUND('',#3069,.T.);
#3069 = EDGE_LOOP('',(#3070,#3071,#3072,#3073,#3074,#3075,#3076,#3077));
#3070 = ORIENTED_EDGE('',*,*,#1799,.T.);
#3071 = ORIENTED_EDGE('',*,*,#1776,.T.);
#3072 = ORIENTED_EDGE('',*,*,#1757,.T.);
#3073 = ORIENTED_EDGE('',*,*,#1727,.T.);
#3074 = ORIENTED_EDGE('',*,*,#1708,.T.);
#3075 = ORIENTED_EDGE('',*,*,#1678,.T.);
#3076 = ORIENTED_EDGE('',*,*,#1659,.T.);
#3077 = ORIENTED_EDGE('',*,*,#1629,.T.);
#3078 = FACE_BOUND('',#3079,.T.);
#3079 = EDGE_LOOP('',(#3080,#3081,#3082,#3083,#3084,#3085,#3086,#3087));
#3080 = ORIENTED_EDGE('',*,*,#1603,.T.);
#3081 = ORIENTED_EDGE('',*,*,#1580,.T.);
#3082 = ORIENTED_EDGE('',*,*,#1561,.T.);
#3083 = ORIENTED_EDGE('',*,*,#1531,.T.);
#3084 = ORIENTED_EDGE('',*,*,#1512,.T.);
#3085 = ORIENTED_EDGE('',*,*,#1482,.T.);
#3086 = ORIENTED_EDGE('',*,*,#1463,.T.);
#3087 = ORIENTED_EDGE('',*,*,#1433,.T.);
#3088 = FACE_BOUND('',#3089,.T.);
#3089 = EDGE_LOOP('',(#3090,#3091,#3092,#3093,#3094,#3095,#3096,#3097));
#3090 = ORIENTED_EDGE('',*,*,#1407,.T.);
#3091 = ORIENTED_EDGE('',*,*,#1384,.T.);
#3092 = ORIENTED_EDGE('',*,*,#1365,.T.);
#3093 = ORIENTED_EDGE('',*,*,#1335,.T.);
#3094 = ORIENTED_EDGE('',*,*,#1316,.T.);
#3095 = ORIENTED_EDGE('',*,*,#1286,.T.);
#3096 = ORIENTED_EDGE('',*,*,#1267,.T.);
#3097 = ORIENTED_EDGE('',*,*,#1237,.T.);
#3098 = FACE_BOUND('',#3099,.T.);
#3099 = EDGE_LOOP('',(#3100,#3101,#3102,#3103,#3104,#3105,#3106,#3107));
#3100 = ORIENTED_EDGE('',*,*,#1211,.T.);
#3101 = ORIENTED_EDGE('',*,*,#1188,.T.);
#3102 = ORIENTED_EDGE('',*,*,#1169,.T.);
#3103 = ORIENTED_EDGE('',*,*,#1139,.T.);
#3104 = ORIENTED_EDGE('',*,*,#1120,.T.);
#3105 = ORIENTED_EDGE('',*,*,#1090,.T.);
#3106 = ORIENTED_EDGE('',*,*,#1071,.T.);
#3107 = ORIENTED_EDGE('',*,*,#1041,.T.);
#3108 = FACE_BOUND('',#3109,.T.);
#3109 = EDGE_LOOP('',(#3110));
#3110 = ORIENTED_EDGE('',*,*,#1015,.T.);
#3111 = PLANE('',#3112);
#3112 = AXIS2_PLACEMENT_3D('',#3113,#3114,#3115);
#3113 = CARTESIAN_POINT('',(29.1105,-17.8855,1.5));
#3114 = DIRECTION('',(0.,0.,1.));
#3115 = DIRECTION('',(1.,0.,-0.));
#3116 = ( GEOMETRIC_REPRESENTATION_CONTEXT(3) 
GLOBAL_UNCERTAINTY_ASSIGNED_CONTEXT((#3120)) 
GLOBAL_UNIT_ASSIGNED_CONTEXT((#3117,#3118,#3119)) REPRESENTATION_CONTEXT
('Context #1','3D Context with UNIT and UNCERTAINTY') );
#3117 = ( LENGTH_UNIT() NAMED_UNIT(*) SI_UNIT(.MILLI.,.METRE.) );
#3118 = ( NAMED_UNIT(*) PLANE_ANGLE_UNIT() SI_UNIT($,.RADIAN.) );
#3119 = ( NAMED_UNIT(*) SI_UNIT($,.STERADIAN.) SOLID_ANGLE_UNIT() );
#3120 = UNCERTAINTY_MEASURE_WITH_UNIT(LENGTH_MEASURE(1.E-07),#3117,
  'distance_accuracy_value','confusion accuracy');
#3121 = PRODUCT_RELATED_PRODUCT_CATEGORY('part',$,(#7));
#3122 = MECHANICAL_DESIGN_GEOMETRIC_PRESENTATION_REPRESENTATION('',(
    #3123),#3116);
#3123 = STYLED_ITEM('color',(#3124),#15);
#3124 = PRESENTATION_STYLE_ASSIGNMENT((#3125,#3131));
#3125 = SURFACE_STYLE_USAGE(.BOTH.,#3126);
#3126 = SURFACE_SIDE_STYLE('',(#3127));
#3127 = SURFACE_STYLE_FILL_AREA(#3128);
#3128 = FILL_AREA_STYLE('',(#3129));
#3129 = FILL_AREA_STYLE_COLOUR('',#3130);
#3130 = COLOUR_RGB('',0.627451011593,0.627451011593,0.627451011593);
#3131 = CURVE_STYLE('',#3132,POSITIVE_LENGTH_MEASURE(0.1),#3133);
#3132 = DRAUGHTING_PRE_DEFINED_CURVE_FONT('continuous');
#3133 = COLOUR_RGB('',9.803921802644E-02,9.803921802644E-02,
  9.803921802644E-02);
ENDSEC;
END-ISO-10303-21;
